UMAP1,UMAP2
1.6362822,13.378222
-3.1675565,4.440112
-0.8606856,-2.1328363
-2.2188754,-1.3714623
-0.3757522,11.284045
2.3723712,12.576114
-0.0015755813,9.526666
13.954055,5.802377
12.933434,3.1546597
0.6677872,13.022427
15.121885,6.8767986
-2.038223,0.65530396
2.3009307,13.209456
-3.6340325,3.4226394
1.0489664,10.369237
-0.30999163,12.00688
-2.7329988,8.389021
1.0689318,-1.2905105
-3.0796306,7.731457
-1.576197,0.8464352
2.2348988,-3.6430984
14.63746,5.605985
-1.2954196,9.841672
-0.6582947,-2.9460213
-1.3842052,9.468182
-0.27016124,11.785262
13.392922,4.535091
-3.8447216,3.4198692
-2.7898343,8.1304655
14.011153,9.517412
-1.7339984,5.7319636
-0.21184044,12.504949
14.593902,12.453448
12.5905075,1.9170237
-2.6032233,8.572021
2.4550104,-3.7557964
-3.0961046,1.6283054
14.0129175,8.683461
-1.0613698,6.871348
2.4072232,12.417638
-1.356105,-2.1086903
11.894015,0.30884928
14.581005,7.4236727
-2.4896958,-1.2169564
11.284943,-2.0678468
13.294641,4.883394
14.778979,7.8691015
-1.2951655,-2.414336
14.549401,4.7616215
14.470792,6.7649236
13.572835,4.861956
-0.027391806,11.603519
2.8806524,14.198392
1.0843236,-1.5938144
-1.7013274,4.303746
12.21129,0.60606456
-2.8480835,8.099044
15.212001,12.919913
12.447101,1.4574996
-3.7209773,5.105135
1.1172178,-1.2876431
-4.0207505,2.8711421
-0.3182606,-3.0991106
-2.179149,7.5236444
2.4983342,12.841218
-4.361057,5.0649967
-4.014134,4.929545
12.929092,12.002363
11.620619,-1.6716982
14.839586,7.1956525
-4.6917267,6.0763316
-2.2493591,0.23829107
-2.1898189,6.0067887
-1.1945314,10.280836
-0.6774315,9.557599
-3.3534186,7.7356424
-0.97482306,-1.9541426
13.239035,2.3931987
-2.4246771,10.935615
-3.6212196,2.528512
13.417814,4.3182635
-2.1628966,-1.6702974
-9.277322e-05,11.947435
9.966704,-2.273596
13.6042595,2.874773
-2.563431,-1.1371212
14.588829,5.6562824
14.297253,8.758298
-0.30034474,7.9995675
-3.1699612,6.182342
1.2881563,13.265892
2.7355218,13.592706
-1.6098921,1.485987
1.1886867,-0.9931435
2.8426504,13.59694
-3.0492,1.6494993
-1.7977867,10.213545
1.7328606,12.17769
10.314955,-1.8591987
0.40199453,9.892749
1.5379126,13.304926
-3.041201,5.808657
-1.0720438,10.347876
-1.0578357,10.461601
10.960923,-3.0072448
9.955237,-2.3183854
-0.39914006,-3.0316875
-3.4221897,0.54088306
14.698204,7.7671547
-4.3267593,9.80433
10.102867,-2.0951555
14.14771,7.7319126
13.929428,9.5602865
-2.870814,10.72357
14.544973,8.441564
-3.7584167,2.6829412
-2.3550024,9.399304
0.945832,-1.4091762
-4.486823,5.0053396
-3.2185543,1.7244402
-2.167403,-1.653454
14.082267,8.664446
1.429085,-3.1272302
14.09354,9.051009
14.083996,6.9641695
11.4922285,-0.80788904
2.8553777,13.265824
3.1209743,13.833695
12.751009,11.787724
14.974569,12.741854
9.820672,-2.4649506
-2.0051851,-1.5257609
13.968837,9.434852
12.643107,11.812746
-2.2646563,5.993836
-3.7458415,7.757892
-0.30254018,12.305865
0.93488413,9.940308
3.4571536,14.519113
12.925086,12.1688385
12.967588,12.056014
10.294578,-3.495583
13.890855,3.1138217
13.602457,5.0264726
-4.1220465,6.739517
13.961941,9.244718
-2.9636776,8.595039
14.445733,4.4946537
10.694298,-1.6296582
-1.4967439,9.248447
13.911294,9.45342
-3.8130887,3.9784112
9.6762065e-05,8.366411
-3.5085685,3.3910377
11.550618,-0.66223735
2.963429,14.277507
1.4147699,11.9391165
10.888477,-3.068592
-3.473245,1.6536663
-3.6470835,8.037666
-0.40119913,9.4226
11.625126,-1.5288898
-1.4368855,5.630082
-0.6138818,7.1110654
-2.6665719,9.234867
13.659288,11.877726
13.725492,9.472392
2.8040082,13.476494
0.21431766,10.937913
14.304185,4.6354237
13.806467,5.2191505
14.521134,5.1244574
15.108934,12.846498
11.088893,-2.7699833
-3.471061,10.364818
-3.4943714,0.5499256
1.7134762,13.52442
1.6307617,13.540059
0.54358006,9.226144
0.95233816,-1.2460995
-3.809236,2.6246157
1.5730685,13.48684
-4.489073,4.9095917
1.8988124,-3.3900392
14.421393,6.8314366
14.465385,5.6242747
-1.641087,8.699421
-1.6762558,-1.5228525
3.0421095,14.059021
12.228489,0.42102593
14.752926,6.4719715
14.325708,5.7929935
13.692035,9.646249
-1.1225218,6.7816296
-0.8952905,9.529556
-3.5867946,10.047277
-1.6182507,7.9636207
1.3182281,10.47632
-2.2343318,4.481811
-4.7011333,6.0687585
-3.6487594,10.269427
1.9645,-3.4833364
1.209048,-0.9435527
11.20214,-1.0960461
-3.5222464,6.3900523
14.952254,6.164318
11.362028,-0.90355873
10.707882,-1.7900766
2.3892033,12.669649
1.6744163,11.391803
-2.0197384,-1.4846966
-1.587028,-2.129634
-4.090115,6.759472
11.591676,-1.3101175
-0.86014295,10.4476595
-1.6796577,4.643081
14.687134,7.8035903
11.465364,-0.91615385
12.544147,1.7638041
-0.56243247,11.1352825
2.1059391,-3.5414376
-1.6028228,4.7774744
10.965124,-1.437401
13.224169,4.4700036
-0.51694465,-1.562812
-1.5362942,1.2144351
-3.2024002,-0.24392578
-2.7069757,10.7816515
-2.8569868,8.660728
0.8594444,-1.5416185
-0.30391753,-2.914689
1.2882668,-3.1733608
13.663631,4.662705
11.637333,-1.2929165
-1.1436675,7.0594645
-3.8412697,5.1504326
-2.664754,10.786291
1.2432022,-0.8901092
12.975221,11.822477
9.750589,-2.5518532
-4.766055,9.47056
14.564918,6.2525225
14.806641,6.318636
-3.852565,2.666842
13.241902,11.2772875
-3.1135397,0.16435803
-3.9223402,4.5575595
-0.15238455,11.284307
14.423167,6.080527
14.537096,8.213522
12.231973,0.23108447
-3.3966858,1.638218
13.229084,11.663896
12.636471,12.041955
0.26250646,10.765183
-3.3230493,10.407261
1.8698721,13.6353445
14.64266,7.3623757
14.442353,8.610977
-3.089959,4.3289237
0.045782935,11.997915
-4.4158516,5.0004854
13.805411,2.864327
-1.8399386,-1.7886531
-2.1193237,7.2958856
12.664655,11.753923
10.513842,-2.2546387
2.11288,-3.542056
13.828023,7.990953
-3.1375058,0.13476573
11.023825,-1.3106773
-4.170196,6.715725
-4.6493797,6.0892677
-3.3241088,10.086161
13.84005,9.574647
1.1374787,-3.1900728
-3.675539,2.5792608
14.330409,4.599514
-3.055972,0.22202033
-0.5964457,7.16562
13.984574,3.4146821
14.1015625,8.656425
13.917648,9.56723
13.728768,2.9646428
-4.396211,4.719209
13.966364,9.053283
-4.1925426,6.622025
-1.2343132,5.9492474
-1.3439975,5.592227
-1.790986,9.537051
0.094859466,-2.2105594
-3.1082463,7.285513
2.9570067,13.923782
-2.8411438,8.161212
-4.691305,9.5602865
-4.082596,4.772931
-3.4842322,1.896441
2.0804374,12.088911
-2.466447,0.7904498
-4.169754,1.910347
-0.619542,10.866112
-2.5412388,4.170296
1.9906349,11.680858
0.8922166,9.902906
-1.8737105,3.9560463
-2.4208584,4.3288603
-3.3201427,0.3770861
-3.4273484,6.8248296
14.1227,8.018734
-4.5238085,4.899301
-2.8503604,1.9387039
-3.1389992,8.477855
0.78431433,13.06473
13.229126,4.23794
-2.8456967,0.79465187
-3.0928788,0.3575992
11.484593,-0.5036329
-1.2185448,-2.4877784
-3.7924583,4.648199
1.3078547,11.882354
-2.5881464,8.703423
14.471494,6.3694906
13.792905,9.885554
0.91987926,9.917071
10.9195595,-1.5209625
13.795536,9.6438055
9.638579,-2.6477613
12.67051,11.779791
-4.1551776,6.895537
1.3186125,11.734389
-2.5315778,11.040754
-0.36008543,-1.6925597
-0.32791144,-1.7127941
-2.611483,4.4681277
-0.60616857,8.602754
-3.1139898,-0.23432517
1.3567414,13.280478
14.151956,8.154859
14.781222,5.731087
-0.47250578,9.634419
14.070008,9.001025
2.663205,-3.904174
1.222553,-1.0095811
-1.3141034,-2.3828566
-4.036545,3.692295
13.131015,1.920317
-0.08892545,-3.1814497
-2.1079576,10.080064
-3.2368197,10.059952
-0.37610608,-3.0639787
2.0636725,11.6551285
-4.0342336,3.6420417
-1.6405306,4.6538196
-4.32868,3.4646175
-3.8522887,4.376485
-4.775941,9.458292
15.164516,6.9498963
13.043086,2.6378329
-3.438627,2.3347545
14.484118,6.264684
-1.9984096,-0.40858066
-1.5003213,8.067017
2.5540798,12.557623
0.059765723,-2.662853
-4.399395,9.753585
-2.017247,5.9458585
1.8057052,-3.2919044
0.19126053,-2.1672735
-0.2348511,-1.8245114
2.3740878,-3.743129
1.5939022,11.44863
12.525565,6.956267
14.544583,8.412288
-1.406438,9.74172
-3.9190824,4.2968106
0.86814,13.189107
-2.2957566,1.1530596
-3.545997,6.331084
-3.4633574,1.8208872
12.455613,1.4998229
15.023817,12.776011
11.536599,-1.4921383
-0.2842728,-2.9538567
15.375285,13.047253
10.947079,-2.994445
-3.6209784,5.866414
2.7644649,13.189466
1.6921033,11.486193
14.631542,5.254845
-3.3720632,8.751653
-1.398806,-1.7429179
-2.6211007,7.8528886
-3.5068886,8.127285
14.008007,3.4433684
12.227051,0.20890763
10.435754,-1.7906677
13.842695,10.221067
13.809946,11.927785
14.004256,12.0227
9.692957,-3.2416933
13.44427,3.9204652
13.575118,5.673983
-2.0932958,10.480575
13.857414,7.3200746
13.663523,6.807781
14.544679,7.6174784
-1.8389795,10.434113
12.899748,12.3827
11.613689,-1.629292
-2.3456573,4.7765126
-2.0923455,-0.80899805
0.27533597,12.021605
14.36961,4.3392177
11.085108,-1.2740558
0.13968474,-2.1718163
-3.6067977,0.6665036
-4.684488,5.1715765
2.5664928,-3.8378527
-3.4704878,0.9805558
14.5199995,5.5877137
-1.4578394,-1.8269718
14.365238,8.551772
14.185337,7.91106
11.484839,-1.07928
12.283752,0.4627757
-1.7371818,1.4236952
12.2329855,0.19748127
13.814323,3.096421
3.4250073,14.613301
-2.955473,2.2281547
-0.6149119,10.974209
-4.4968376,9.704374
13.25736,4.245098
1.2519268,11.947254
11.932806,-0.34775305
-4.2317233,2.7092426
-4.7352295,5.9971185
-1.4616109,9.1382475
-1.2838612,-2.4350252
-3.6304526,7.9943995
2.3907337,12.9372225
-3.1013079,-0.27377158
-2.885766,9.060899
-4.574879,9.655646
12.336328,1.0224895
14.297112,6.307009
0.3822161,12.494241
-2.4196837,0.6111834
-3.245944,1.7290106
-4.0890145,6.7561145
-2.9860373,0.7175599
13.776345,7.8495774
-0.53822863,7.2973013
-1.9055256,5.9441447
-0.57292527,7.6512136
11.664988,-1.5061853
1.5683137,11.4764
-1.6056404,6.077169
14.505541,6.289029
-3.3240387,3.397294
13.794699,9.45153
11.272392,-1.0599312
0.63523453,9.398047
-0.42224303,-1.6410222
14.514592,8.28695
-1.5900388,8.82929
2.6138988,13.336489
-2.8662536,6.064684
13.106562,12.135107
12.780185,11.813607
15.350577,13.020805
2.7687194,-3.9495635
2.8634925,13.854881
2.0669146,-3.5396612
-3.9697926,1.7156757
2.7845771,-3.9683452
13.954981,9.426656
-3.0228882,8.10062
-3.4878395,0.79511464
-0.35868388,-1.7017661
-0.0002349853,-2.1301842
10.641063,-1.775262
-3.6421018,8.111923
1.8972771,12.704951
3.5889637,14.718624
1.2855033,-0.7744368
-1.3869212,5.591087
-4.189744,3.1788144
0.5682693,9.533995
3.465771,14.436846
2.8925252,14.238297
-0.57558125,9.31316
-4.1147804,2.809321
-1.2481303,10.005284
-2.4493656,-1.1438508
-4.353801,4.7505016
-4.1058846,3.511713
-1.2110057,10.1594
-3.2799494,5.885567
12.858381,12.369413
10.727931,-3.0836146
-2.1450267,-0.8237495
-2.6031914,3.8351696
11.650651,-0.9166782
-3.2404947,-0.15313825
-2.7530966,10.792798
-2.5464408,-0.63443273
2.671769,-3.8921924
14.168232,3.5752642
-0.19826522,-3.1914208
-4.415396,4.845157
-1.7325267,4.186448
13.801551,2.9490051
12.441298,1.4096818
12.653919,11.841342
-0.36269742,-2.203314
-2.438201,10.4000435
0.14070596,-3.2117188
-3.005548,-0.45644924
-3.1425364,3.765754
-1.1808116,-2.4893942
14.689322,7.230994
-4.184785,6.2043734
-2.934732,0.69056547
-1.4883252,7.794761
-2.935178,0.7981731
-3.3318806,8.067227
2.067536,13.674719
11.713972,-0.7223761
-0.6439289,-2.96807
-0.388649,-2.7703812
1.9554513,11.491588
14.43838,4.6666226
11.260963,-0.9483106
14.456017,7.06133
-4.1919303,2.114305
-2.0707264,-0.6287745
13.231982,4.0442033
-2.5701928,8.788783
0.08912695,12.392946
-1.1879288,10.187551
2.29341,12.28858
-2.1184156,7.3042684
-3.2516086,2.0535045
-2.717697,6.0660076
14.512496,4.8418846
14.398262,5.5477614
13.027389,2.7127607
0.71406794,13.000491
1.0528743,-1.1867759
-3.276864,8.018024
-3.5922637,10.294748
14.666486,5.200264
-4.4320455,4.750521
1.5515801,13.472528
14.84914,7.7218027
-0.12525833,8.314063
0.8655078,9.757134
-2.7986171,8.200764
2.034477,-3.5215437
0.57540214,12.643035
14.642118,5.2618065
-4.87808,5.3155584
-4.249437,2.7261028
14.957175,6.548569
15.094988,7.0796647
-2.337609,8.602416
-1.7798547,10.275603
0.3310908,12.139814
-0.29686078,11.499539
-1.0601817,-2.5715525
-0.59271073,-2.9886866
-4.6371064,5.1802673
-1.7504263,7.7445006
-0.16095532,8.242526
-2.7230654,1.0513703
13.639172,5.3833046
15.035806,6.3888574
-3.2062738,6.0746756
14.577002,12.437894
14.2172165,7.9778314
14.770956,6.2795415
13.993417,12.012106
13.553261,11.478712
9.632151,-2.9038672
13.895684,3.704834
13.950824,9.0489855
-0.60191417,7.806745
-0.47214583,7.763469
-2.6353674,-0.94181967
-2.588656,8.607902
-0.16413192,12.331588
-3.1212287,7.56051
2.4228437,-3.7787633
13.982526,6.3231797
14.410406,6.880044
14.736466,5.4844785
1.9318181,-3.4660583
-2.8363008,8.266244
-4.0624647,5.467037
-0.35036868,7.8801885
-2.3591952,7.1233
0.9266981,9.928077
-3.8018043,3.4744391
-1.424495,9.4717245
2.397205,12.511467
-2.9901168,8.204235
12.492741,1.5831825
10.9627695,-1.4966638
14.388029,8.283135
-1.6002578,1.4238185
2.9120715,13.284908
13.774787,2.812561
13.853211,7.9476695
-2.7137122,6.0503454
12.822222,12.2884865
12.693742,11.933997
12.896457,12.198581
15.364707,13.034632
10.453809,-3.455417
13.809674,9.42444
0.4140332,12.64567
14.83343,7.128043
-2.2349455,0.52291656
2.5322444,12.615699
1.7083734,12.678563
2.335393,13.539534
-0.5362101,8.632498
2.4461198,12.428222
-3.5696647,10.276353
14.859843,6.23708
-3.6035788,4.986764
1.9008176,13.661899
-4.2318015,1.9713337
-3.7329037,7.4940124
-4.0485826,3.042024
-2.936348,1.7353947
14.0368,3.6210687
-2.0795343,-0.48552772
0.1345114,11.049587
1.0358732,-3.1594646
14.453299,5.48899
-3.986989,4.7194777
0.043237075,-2.8699656
11.104098,-1.137978
-1.4276272,5.8002105
-1.5550303,5.6596565
-1.8826956,10.48007
13.900365,7.903113
-3.2162619,3.4283717
13.015626,12.123947
9.685779,-2.6271415
-1.288483,-2.2328253
14.109645,8.095472
13.105004,3.6189218
-3.261291,9.942731
13.370684,2.5168152
2.047463,11.495294
-2.1171348,9.608431
1.6243293,-3.2892725
12.18226,0.5007391
14.581187,4.823731
3.5831466,14.639585
-1.6922197,4.7204156
-1.5940318,5.326517
1.2808704,-0.7961625
-1.6384296,7.752
-4.1623163,2.1553981
1.8863176,12.698009
15.036324,6.276073
-1.4065982,-2.1023293
14.586473,5.1709476
14.108008,8.305268
12.699928,11.810838
12.664212,11.842905
15.339421,13.01855
10.746882,-3.186986
-0.33675984,-1.7552412
-0.3203639,-1.7901124
2.590441,14.038764
2.2627378,11.833078
-4.0975976,6.165566
-3.7120812,5.048449
11.568593,-0.32968652
3.1097708,13.768513
0.70257866,11.637459
-4.2841425,2.670446
3.042438,14.070727
-2.5765064,7.8574467
11.119446,-2.7322245
2.8055964,13.8217535
-1.1976964,6.578743
-2.9262896,7.425158
9.635007,-2.873371
-2.6142375,3.7580552
11.723245,0.012953914
-4.1185317,6.1723948
14.537475,7.678267
-2.052822,8.716149
13.827854,2.8932455
-3.4287322,1.6077294
1.065949,13.138901
-3.446414,7.8435273
2.3612766,-3.6729612
12.5914755,11.869028
11.205071,-2.5066435
-3.0919328,9.346978
1.8862344,12.446101
1.1337506,11.3087635
-3.2241435,-0.33029848
10.340356,-1.7984203
-1.5232689,8.434881
14.418978,4.602267
-0.31320396,8.525114
2.889591,14.245601
-1.5195793,-2.07813
-3.4304297,9.998041
-3.0286453,8.728948
1.6457691,-3.3065934
0.44629592,9.891703
-2.5761242,8.701365
13.877771,5.409355
13.6004715,4.124884
14.194991,4.165509
13.261267,4.412751
13.69321,5.6104436
12.22292,0.12548749
-3.3399453,1.7563727
14.152872,3.834205
-4.0911613,6.138742
2.8125627,13.170386
1.8220847,12.514123
1.1489843,-3.2037373
-0.5443044,9.420906
12.675833,12.288664
11.545419,-1.8252447
-2.1709821,9.530815
1.6792614,-3.1753142
14.602519,7.73803
14.100434,3.590182
14.999367,6.2764072
-2.9099271,0.066760376
14.167801,4.942743
1.8004934,11.80171
0.1341432,-3.2230804
11.689051,-0.06616793
1.7009451,13.154031
-2.1508827,4.533111
0.9469887,9.925669
3.3627453,14.326363
1.616599,-3.285384
14.5042305,7.783327
-4.4243555,9.736967
-3.8949306,4.9032564
-0.37244448,11.439306
14.102494,3.6789083
-0.71763563,7.9593253
-4.2385135,2.6449904
-2.54148,10.841721
1.4813473,-3.237647
-3.6968865,10.135973
-1.9816117,10.448002
-2.5198069,-1.0273744
15.373996,13.046036
13.395935,2.2766862
-1.709279,4.677474
14.33388,4.417886
2.1937535,13.855424
2.4861891,-3.7986715
14.068813,4.815032
-2.7574277,10.819122
1.2402669,-0.97168964
13.488687,7.587494
14.552909,7.7514772
-0.89026445,-1.3745571
-2.5831084,-0.9796114
-2.0575545,10.055834
-3.5568268,7.849387
10.932695,-1.5374177
1.1613926,10.223795
-1.3639935,5.52663
13.762104,3.706765
-3.1588643,4.4047327
13.578674,5.927654
11.659417,-1.5373989
12.952349,3.1611748
-3.182199,5.5233645
-2.5222037,-0.8489842
2.0853796,11.47237
-0.7145564,7.277322
14.000344,8.650436
1.1816245,10.3925705
13.779079,2.8282635
14.106241,8.974607
-1.7514712,-1.6874645
14.660023,6.0515175
-2.0917444,11.271578
11.56467,-1.1513523
-1.9886315,-1.282387
-2.624437,4.194398
-2.6093266,-0.7598672
-0.48789817,8.778936
12.584906,6.9775023
-2.8432717,9.076945
-3.7019536,7.843228
12.122322,-0.04177344
-1.5542058,1.2575173
2.1127636,11.538067
13.862471,7.867982
13.833335,7.2258663
-3.3569875,2.9917269
1.3880501,10.525609
14.952855,7.594406
-1.47286,-1.9079577
-4.241415,2.0696023
14.586062,6.52163
1.696079,12.358949
0.3821295,9.187223
14.068893,8.34782
-1.2840787,-1.7393572
-3.0045319,1.6064906
-4.272798,2.7503178
14.29247,4.3219013
-1.0599029,10.699539
0.5891668,9.731271
3.4806273,14.425432
-4.248714,6.276509
-4.766173,9.492032
10.975997,-1.485352
-0.6985079,-2.7361238
14.632437,7.9469705
-4.2894754,2.037141
10.885445,-2.9455585
-0.14359836,12.04745
-1.6751038,-1.758023
-2.1361508,-0.5490235
0.44208297,9.885371
1.0400753,-1.2282028
-3.3838758,5.241761
-4.4625688,4.819247
-0.37445375,-2.6383305
2.7261887,-3.9368868
-2.4842842,-0.1472132
2.8724167,13.6606045
2.9454415,13.3569765
-3.4632099,0.61590147
-1.7394842,9.904297
11.800258,-0.722603
12.287796,0.63248444
11.400886,-1.3810412
-3.1613622,0.036070067
-0.6050754,-2.9413245
-1.2839836,6.254962
0.33774486,8.843425
-2.8244452,8.180269
-4.912171,9.28334
14.682332,5.177708
-2.121216,9.680254
2.174494,12.605016
1.7384706,11.479217
-0.6647281,10.447497
13.833243,9.313012
10.043661,-2.293202
14.484844,4.558117
-0.058577243,8.30741
0.4753377,9.161572
-1.8113371,10.301788
-3.668202,3.440382
0.7616384,11.264179
-0.5335349,-1.5519508
-3.1651692,7.31809
-1.6298528,7.9555073
1.7971729,11.479423
-2.0102072,-1.4413729
-1.0957247,10.652802
-3.5308444,10.296341
0.35810003,12.290993
10.479727,-1.6946958
13.154887,3.9862573
11.719856,-0.63996035
13.435979,2.4216483
-1.5658556,8.434993
-3.2938392,3.3703732
-1.8274554,10.431465
-2.8072176,8.656446
-1.5567149,-2.1140964
-3.7606776,4.0892854
13.099523,1.8439034
-2.5567436,2.8642516
-1.4379057,9.616212
1.6542757,12.942211
-3.330565,7.0418015
2.2253506,13.87256
2.0936875,12.147638
2.5998774,13.969766
2.4168587,12.902256
1.9887494,12.746234
-2.6392896,9.023782
14.5648775,12.425462
14.142525,8.961375
1.4760803,13.449444
14.011665,5.7115374
-0.49461865,9.973478
3.5474963,14.594186
-3.6801362,3.162168
0.13687901,-3.2072752
2.2176456,11.714414
-3.9108539,1.5317022
11.652519,-0.85815716
-4.4019194,9.76366
2.350181,12.711706
-2.7174377,3.9000504
2.1982334,12.067365
0.726597,10.379451
-0.20630059,8.064957
-4.1418524,5.1160784
11.645294,-1.5964946
0.318279,12.176437
2.8634079,13.252435
-3.9015193,4.63179
-1.5553762,-2.1020732
0.507585,9.185251
14.286436,6.087697
-3.2592885,5.344733
15.089445,7.014752
11.571194,-1.66476
-4.7723265,5.708797
-2.8091908,8.309176
14.631074,5.2501655
3.5958223,14.695468
-1.3893722,-1.9303977
2.5697558,-3.8576527
14.856409,6.023512
1.1092013,-3.1943762
-0.26466626,12.106263
1.9086637,13.618938
11.543702,-1.9156603
-3.9202332,4.6228027
-3.6800334,7.831009
9.948987,-2.3476746
-3.7822275,1.5730652
14.962614,6.224351
-3.0881305,3.5907261
1.77909,12.382151
-2.5898113,3.311698
2.3433824,12.486221
-3.993099,6.7857313
-2.9351165,1.5111834
-3.9683232,6.445828
-3.18831,8.279036
1.3316323,10.515881
0.8621877,-1.6915102
-2.5675843,7.185842
-0.4441022,11.364851
1.8117546,-3.3736515
15.042125,6.3078804
-0.580311,8.668763
11.568341,-0.49837273
1.2407259,-0.88955426
0.30079895,12.04936
12.053279,-0.27408895
-2.717042,9.130573
-2.352308,10.975268
-1.4545457,-1.9269028
-0.35508007,11.354968
-2.2718134,9.230276
3.2118762,13.835488
-1.5667418,8.846015
-3.0002518,3.1162002
-3.5874803,7.9256425
-4.2094297,6.56369
0.114765756,12.246115
-3.8983471,1.6266716
11.110275,-2.7736301
13.1897545,11.729625
13.799408,10.349095
13.310893,11.549439
13.467197,11.886017
9.752088,-3.2585318
-2.7417166,8.265128
-4.438094,4.865656
-0.65531087,9.544071
14.126861,7.836085
-3.1338472,8.293334
14.584065,7.7937737
-2.041914,-0.54217666
13.281398,11.632957
13.140496,11.793552
10.286268,-3.5064592
13.811506,5.00017
13.782624,2.995839
15.36617,13.039441
11.911548,-0.6403939
13.1598625,4.328731
-3.780079,7.605087
-1.5359689,1.2593737
11.739093,-0.027891627
-1.5940286,0.6853221
-1.40635,5.687848
-4.255186,2.689287
12.148136,0.4274177
13.437005,4.6725645
1.2344699,11.722549
12.8735,12.16317
10.93068,-2.9853685
10.973278,-0.9865513
-0.54766786,10.165717
-3.9880755,6.6816983
2.179046,-3.5709896
-3.3821366,8.091766
14.002099,9.413104
14.60258,7.950412
12.429002,1.4027768
13.924227,6.922515
13.616379,2.7213147
11.235863,-0.82603556
-2.033924,5.948142
2.4387581,13.937913
-3.8650694,5.04647
-3.3821254,9.495767
1.3232547,11.906438
-2.9318738,0.14108124
0.49881706,-2.4362476
12.564908,11.932073
10.044619,-2.17278
0.5567181,12.859074
-1.4581897,9.747184
10.3144455,-1.9674585
14.190001,8.157693
1.3116792,-0.73808444
-3.2738843,-0.18509033
2.2903457,12.275332
-4.5490646,4.891058
-3.3559167,8.294553
15.055301,7.170701
-0.65950555,9.492658
1.4678745,13.362897
14.541832,7.4108987
-1.8339536,7.5381646
-0.9499345,10.410695
-4.3367395,6.41095
1.887472,11.2481165
-2.0997155,-1.1142355
10.72234,-1.4341877
13.333342,4.29533
-0.8021998,10.437375
-2.6408799,7.8442125
13.370158,4.3873563
-2.7239947,8.022074
14.531082,8.303199
14.145843,6.117344
14.279876,4.8787975
-1.8182143,10.265642
13.741869,5.7066183
-3.6610394,2.9323542
-1.2078519,6.038015
-1.4189199,5.7812867
-1.9888157,-1.4655858
3.0891786,13.750399
2.5070412,12.508242
13.080224,2.6155133
-1.0888754,6.682017
1.7465609,11.367763
11.640638,-0.2707151
-1.8108865,5.8569503
14.450304,5.199768
1.2560151,-0.9172909
11.204662,-1.152518
13.941705,3.6431391
14.728367,5.6959047
-3.1020885,2.648819
14.2284565,3.9711564
-2.5704136,5.7741017
-2.2808871,9.4199915
1.9592197,11.545456
-3.171248,9.464126
1.57985,-3.263989
2.7065704,-3.935758
12.898525,12.402327
9.922852,-2.3691826
-1.0525383,9.657912
2.0327392,-3.4724388
14.4461775,7.5222063
-2.2388382,10.140106
12.7600355,11.957521
12.877202,12.011118
15.337554,13.016905
10.956873,-3.001665
-0.999329,-2.6512575
-3.1021214,2.1650817
-4.2655993,2.077074
-3.5068421,5.8953176
-3.1682012,0.4249997
2.011671,11.47017
10.395278,-2.2184196
13.938524,3.147008
15.03,6.906925
-2.1383226,-1.570881
-1.5981697,4.8615184
-1.6713737,4.715083
-4.1955085,6.700385
-1.5724274,-1.8299685
11.4068,-1.8257525
-0.44678003,9.364653
13.242798,4.420308
0.20532319,-3.2386608
-3.4991457,1.8007499
0.19408798,-3.2418103
10.827624,-1.5695722
13.808845,9.6241665
1.3294319,-3.245523
14.639753,7.761073
-2.5551395,-0.8925789
-3.4019244,1.1780212
-1.0691105,10.672558
1.8629667,12.1241865
11.232975,-0.63273597
10.753768,-1.7374092
12.725515,12.38284
10.9936695,-2.956339
-2.8392842,5.912087
-2.916717,3.8227036
14.345604,4.606662
-3.2331567,10.291617
-3.252746,10.398642
12.651646,11.744368
10.400614,-3.545608
-2.5666878,4.2738953
13.535106,11.890042
13.821801,6.972585
-1.6249927,4.631516
14.073779,7.8882284
1.2693536,-3.1481764
0.8085822,9.9214325
-1.1314753,10.278947
-3.8786504,5.189989
-2.2777476,11.081219
-1.7754315,8.769296
2.472584,12.849246
-2.9507627,3.8945563
13.70342,2.7045505
14.307711,4.5311785
-4.266719,3.3915987
12.515351,1.6956255
-3.2237194,7.467947
-4.6950626,5.9969654
-0.55217427,9.804016
-1.6824028,9.7867985
-3.0743551,4.3916817
-0.47562888,-3.011915
-2.5738788,3.7695177
-2.4501932,4.241939
-0.57614595,7.1798706
-1.9284974,-1.7691497
-3.577292,7.732732
12.296949,0.38771898
14.251619,6.790858
2.133001,12.77897
3.3275557,14.264291
-1.5591387,7.591833
-4.195483,3.6190052
-3.0533876,0.8155972
12.561216,6.9698167
-2.0829487,-1.6088725
-2.6399944,7.79432
2.7897952,-3.9707532
2.0536413,-3.4812977
-2.907528,-0.6343423
3.565039,14.664273
-2.4251804,1.4839896
14.485766,5.8249345
-2.9967766,8.566006
-2.5446682,9.294237
10.669443,-1.8850772
0.4383509,9.133287
-4.5730624,9.615063
12.545943,6.963825
15.13403,7.085961
-2.4677567,3.9942975
1.1956294,-3.1431613
2.618697,-3.8070912
-4.7724767,5.125344
-3.8618817,1.3518444
-0.90377396,6.5847344
-1.125565,6.135893
-1.8978733,8.08375
-2.6493711,10.727574
14.042474,4.0877256
-3.559935,10.310256
1.275554,-3.23622
3.2962103,14.453438
-1.9111558,10.266511
0.8085306,12.827144
-4.3719745,2.133118
-3.530311,0.57528746
-3.1628895,5.408131
10.694015,-1.8519297
14.271498,5.861624
-1.8911458,10.336134
0.16247143,-2.1560636
13.853115,9.472708
1.1301832,-3.1818533
0.05887421,-2.938896
14.061329,8.615595
10.9132595,-2.929907
-0.6271094,8.042814
13.8234825,7.2000747
-2.6433196,7.9389052
14.555315,8.285439
-4.258134,1.9937974
14.60141,5.022377
0.4280744,9.889036
14.263083,4.719047
-0.4927647,7.645447
-3.2582734,8.277303
-2.0141983,-1.471909
2.9421816,13.392144
-1.1638349,7.072786
-4.5544653,9.5946045
-1.5875962,0.69958806
12.036599,0.55340534
-4.3888345,5.3609447
-0.5055992,7.3571134
-4.210047,6.292686
9.713645,-3.2412713
-2.5684001,3.0808203
-3.3389626,7.9943047
13.84461,3.0910313
13.089274,11.664244
9.627256,-2.879412
-0.4627922,-1.5300709
-0.3980069,-1.822233
-0.5184658,-2.9870837
-0.44638932,9.126872
-4.3204603,2.481731
13.562217,4.780731
0.94211406,-1.320752
0.26976502,-3.1609561
-4.141869,6.1229954
-1.7466915,9.843774
-3.2925282,-0.124556534
14.141846,7.2558637
-4.3247743,2.1698296
13.636288,2.7408786
2.887518,13.558974
13.760435,9.569957
14.393059,5.0685987
-3.4339294,1.7141469
-2.3974884,1.4863752
-2.9559298,0.11159731
-3.722924,2.5611794
0.9829121,9.991403
-1.8998373,4.696792
11.801773,-0.47305202
-4.2466803,2.5751455
-1.7781711,9.888371
15.121877,6.9316897
14.450516,6.2425556
14.633786,4.938368
0.64278316,11.227566
2.1054654,-3.518243
12.108809,-0.014700237
14.107542,3.8477063
-1.1158217,-2.5561695
-2.188446,10.062132
12.273827,0.75365454
1.3945222,-3.2489383
-1.4673979,9.804203
-2.9500947,1.6619306
14.1833935,4.7938333
1.2315104,-0.83623224
-2.6811488,8.558069
3.0743158,14.091353
-1.4300047,-1.5119708
13.241182,2.098145
0.91175723,11.871387
0.8352934,-2.3706307
-0.7660007,-2.1616788
12.498883,1.6306003
-4.4883475,4.9167156
-0.07654763,12.47731
-2.4835582,9.331394
1.728008,12.180069
-0.35394445,12.339113
13.510705,11.895073
13.512486,11.518206
13.799209,9.755917
10.350247,-3.4825747
2.5083747,-3.823384
-1.6821383,8.504975
13.398947,2.310626
-0.4627474,11.314118
-3.3638916,5.2253613
14.582317,6.4854064
-2.0506418,9.6418
14.087505,8.558372
14.024027,8.879433
1.0661079,11.385173
14.275069,8.707727
-0.4655856,8.915361
3.2372148,14.065764
-4.1242714,6.6655097
14.621451,12.474373
12.283409,0.31890437
-4.847939,5.5337286
14.203289,8.039591
-2.9587066,7.2499695
14.06484,8.89903
14.091455,8.480456
3.4884727,14.612195
-3.250865,5.4380774
12.066744,-0.34867904
-2.431999,4.1488595
14.609822,5.0749264
-0.68247586,7.199438
-0.7470817,7.1722374
14.105466,9.7025385
13.672689,7.166829
13.592207,5.5942345
0.29232153,12.15667
-3.363845,1.3346033
11.652476,-1.5642581
14.14777,5.9526844
-4.25421,6.6641016
-2.767302,3.8044047
-0.74042374,9.608559
-3.5697365,2.4099452
-3.0843616,8.657389
-4.0461297,3.5069306
10.110095,-2.0779216
14.195232,6.166142
-4.737284,9.492665
-1.2961425,9.819338
-1.5546564,-1.9547442
-4.01487,4.254499
2.1836574,13.84513
0.65999156,12.808471
0.70065403,10.024992
13.948588,4.140675
15.069159,6.868384
-1.7933621,0.6859054
-3.4168584,0.32374197
13.904125,3.5708146
14.85625,6.7410746
2.7514548,-3.9439073
2.0750494,11.917207
-1.5433074,1.3132309
1.1871326,-1.1206038
-0.22856674,11.616811
0.9372967,9.905139
-2.22784,5.9193397
-3.6522453,6.5622096
3.4785323,14.440075
-0.34947002,-1.7059556
-3.2235155,-0.16277951
3.557824,14.652381
0.18572964,-2.2303045
10.5570755,-1.8530138
12.843849,2.978695
-4.8540373,5.487141
3.1592581,14.207478
2.0622077,11.45506
1.393117,-3.2357302
-0.46144047,-2.675864
12.530145,6.9581623
-3.3879428,10.270988
-1.4025124,-1.7233151
13.656332,9.519436
-3.6626234,2.5005202
-2.5547075,10.852699
14.606601,12.46194
14.416125,7.940284
-2.299415,9.248345
10.174501,-1.9757625
-4.589784,5.3860207
-0.4921999,-2.786793
13.841173,7.320636
14.484203,6.304105
14.309415,4.5725284
13.109568,2.4662335
14.0809555,6.0168934
14.40724,6.6608214
11.081167,-0.8798928
-2.2215593,1.8045067
0.54650354,12.632276
-3.070421,-0.15977193
11.512171,-1.1208041
-2.9724433,0.30838224
-0.46312478,10.871275
-1.8703359,5.9088416
14.332478,8.535158
-3.287892,1.036649
-2.2811592,11.191717
-2.5077853,1.5257583
2.8592434,13.129336
12.222652,0.62727106
14.301298,6.913245
11.606197,-0.7046733
-1.737277,1.4891216
-1.6399108,4.446383
0.58319736,9.890821
0.8212884,9.993328
-3.7740593,2.7414212
-0.38339585,11.433161
-2.769594,8.463466
14.129053,4.8152657
2.45351,12.803893
-1.5446192,9.658734
-2.6045628,8.800352
-3.109719,2.0162642
-1.9925436,7.454143
-4.169428,9.859313
-1.4925748,5.528897
-1.5691018,5.4081407
2.1286275,11.889286
-2.7115192,5.666263
14.006676,12.028081
9.696977,-3.1445699
-4.3246536,2.619662
-3.572039,3.5476503
-0.3809883,11.385079
-3.1228454,7.6307354
12.2507925,0.42230484
-0.6773907,9.516744
-3.1842012,1.1634463
2.222083,11.717536
-1.2548587,6.037227
-1.1684924,6.145284
0.50153434,12.596537
-4.2470007,6.733966
-3.2453074,-0.1391942
12.437691,1.4553705
-3.0831285,0.74960846
-3.9412572,4.0907407
-0.33131927,-2.6095474
-2.8348916,8.970865
-0.8378144,10.5302
-2.9352467,9.51723
13.797727,9.466475
14.990502,6.951604
12.84156,2.9296262
-2.5010164,4.0831
2.088103,11.517734
-0.08757291,-2.0899298
1.3568516,10.506377
-2.3357246,4.431008
-0.6310878,7.0783205
14.035255,3.5764117
-1.9900532,10.597321
1.2587641,-0.8404448
14.178617,7.3684974
-1.216511,10.22321
-1.3473089,-2.3590083
0.16374667,-3.226024
-4.30986,2.2401574
2.9030814,13.587328
-0.37841576,9.325515
14.453546,4.647476
0.7092324,10.738643
14.072484,3.746655
-4.285365,6.6244082
-2.679773,3.781485
0.602479,9.333352
13.548068,11.471113
13.803774,10.334011
13.269118,11.651487
13.39986,11.836182
10.099018,-3.4420278
0.106505066,11.942322
15.10861,6.482558
-2.9663656,9.055737
-0.5693714,7.781241
0.7381496,9.53694
0.2241995,-3.2406204
15.008878,6.682612
0.04704364,8.470395
-4.321937,6.0049195
1.6657561,11.364488
0.890095,9.997086
-2.8463647,5.554232
-0.038572844,12.045688
-0.52999794,7.263552
2.796987,-3.9702601
-2.014959,0.6809024
-0.9602058,7.7396035
-0.21749918,8.100847
14.610565,12.467335
14.646296,6.2147884
12.86796,12.189708
2.7878067,-3.9476018
-0.34389952,9.347691
10.659433,-1.4795282
1.3537583,11.872788
-0.21014506,8.13758
0.7565511,9.564914
-3.8635912,4.5764422
1.1190752,-1.4685854
1.446251,12.045412
-3.724035,1.5150355
-2.3094053,0.6899132
3.333642,14.394438
14.096664,7.090295
13.851335,2.8793511
-1.9627198,-1.3400503
12.503427,6.9463944
0.577412,9.302636
13.585527,11.84814
13.45557,11.78292
9.669244,-2.7291157
-3.5706522,6.713371
-1.7385236,-1.9640466
-1.9122572,7.4308305
13.296163,4.0623875
10.968029,-3.023652
-4.6144423,9.591467
-2.206887,-1.6073045
12.752367,12.331985
9.865123,-2.413397
0.4158959,12.434747
-1.1885908,7.103671
-2.2109208,10.565672
13.020869,12.037008
15.263941,12.959911
10.840357,-2.9744208
14.518503,5.280596
-3.8121552,10.07934
-4.8723416,5.5697045
-2.3336673,4.4549427
14.776049,6.3162026
-4.503291,9.67767
13.367455,4.454834
0.87948436,-1.4180031
-3.3472648,3.8569453
14.669045,5.1810365
-1.2223632,6.8884873
13.801159,5.824979
11.443942,-1.9552535
14.537674,7.352913
13.832566,10.227972
13.546874,11.432818
13.574319,11.799288
9.715892,-3.262293
14.12251,5.9029794
-2.0875745,-0.5021345
-2.90222,3.7675536
12.773325,12.348058
10.424306,-2.3311274
13.468482,2.5724308
-2.595754,4.232261
-2.596659,2.4768145
12.873804,12.326263
15.147715,12.873349
10.407903,-3.4995184
12.873431,12.345592
-1.7259324,4.45591
-3.2667532,1.1703992
14.611028,7.2087736
0.9076309,-1.4597746
0.7294298,13.048863
9.731151,-2.5789816
14.056367,3.5554755
-2.7020578,7.9037914
15.047124,12.79719
13.749993,3.0822473
14.561486,5.6202908
-2.8962655,9.175302
14.955076,6.683789
11.11553,-1.2454275
-2.4643111,1.440173
13.907897,9.324223
14.525301,6.3940763
0.28708318,-2.2318861
0.1358496,-2.1213734
-3.239829,9.553982
11.427259,-1.8547428
-4.3419538,2.2521212
-2.3651092,0.81026274
-4.395548,9.751975
12.969682,12.056292
15.381158,13.052418
10.344687,-3.510675
-1.5154797,5.409272
-1.6007141,1.1164145
-4.7760205,5.201894
-4.8245616,5.209405
0.9455558,-2.0647151
-2.3746753,4.208574
14.185336,6.5669584
-3.717488,2.6785882
14.662122,5.3310614
3.226367,14.186788
14.379618,4.672757
15.014845,6.546547
12.631329,11.823898
12.610823,11.834802
13.565561,11.92106
10.861945,-3.0979607
13.452919,11.795186
10.516578,-3.4281187
-3.3515599,5.0653977
14.042367,8.452576
0.99360406,-1.3988532
-2.6886804,8.4032955
-3.0270755,4.252014
0.019371063,-3.164771
-3.7217777,7.832026
14.527855,5.6427445
-0.30107108,-3.1093209
12.822214,12.288062
11.518669,-1.8985465
-2.4695225,7.6810727
14.192765,8.840628
-0.45766824,8.939611
-4.0560064,5.2693443
11.4788065,-0.73796546
-3.2075355,-0.18230584
-0.5786661,9.439584
-4.5034566,4.8786736
-2.962187,3.6925502
14.164861,7.669397
-0.35889786,7.900087
-1.929591,5.8429217
-3.152112,5.7425294
2.5003984,13.97398
14.555154,5.477794
-2.693958,7.8816943
-3.8369458,1.6001467
14.885669,7.1844945
-1.900862,10.172724
-4.3872943,9.764408
3.6343443,14.361824
12.104386,0.43187764
12.70259,11.910091
10.977465,-2.8970497
-4.111335,6.4260387
2.1429522,13.814916
-4.6700273,9.568715
3.3947546,14.454838
-3.5672607,3.7392082
-3.6723855,7.9945984
-0.10320903,-2.0658915
-1.0004685,10.414001
0.95830333,-1.4169046
13.665615,6.095095
-2.734601,9.199995
3.5794456,14.646215
-0.37363383,-1.674686
13.573617,2.6604695
13.788767,2.9222016
0.12616032,12.001496
0.20066172,12.072691
2.1989455,12.052764
-2.529799,8.474249
-3.7728565,7.6527743
1.1413108,-3.1917558
13.597774,2.6484041
-2.3477395,9.205871
-4.7641273,9.4937725
11.967671,0.1978715
13.849516,3.9037118
13.905316,3.2749157
14.182984,8.22914
12.987646,2.6538763
-0.7431058,8.517183
-0.53973246,8.839279
13.523469,2.6698794
-1.2436813,7.739833
14.665628,5.145611
15.128587,7.063747
13.859192,5.9197717
14.439214,8.268873
14.554805,4.837346
13.3280735,4.3814406
14.572654,8.2350445
14.431025,5.209563
1.4935668,11.393467
-4.1467032,6.2188973
0.038524546,12.143861
-4.312377,2.0850415
9.620462,-2.8496728
2.4746914,12.50999
-0.8263478,9.893174
13.612326,7.720852
-2.5590324,8.663627
14.151331,8.99226
-2.3129554,-1.4245243
1.2794458,11.850778
-1.1901182,-2.5020862
-0.6710448,-2.9137714
-2.3439538,9.95994
-3.8000112,4.159824
-2.6317666,-0.78037876
10.895273,-1.0808179
-2.9487243,8.231505
-2.4865854,-1.058272
13.255076,4.5887337
14.87976,5.910901
-2.7827466,10.756617
-2.4584045,-1.0727931
-1.7209864,9.893479
-3.4446177,8.011536
1.0114605,-1.8439716
14.516919,4.686647
13.183429,2.378879
14.416248,5.242567
14.5112505,6.119418
-0.43622014,11.287507
12.479959,1.5508304
2.070327,11.430612
-2.7411327,4.0936794
9.656455,-2.6984918
14.124162,3.6571884
-3.846212,7.0209627
-0.6203675,7.9166436
2.8869503,13.258475
1.3770403,13.096178
-4.3755994,4.893029
-0.013177018,-2.8965468
12.688367,11.988996
12.710025,12.373212
15.008882,12.767192
11.097196,-2.649999
-4.836207,9.427104
-4.5008698,4.997497
-0.9942618,6.8175826
2.0138183,11.5551815
13.45951,7.5796432
12.344071,0.70113754
-4.3209786,2.5514984
-4.2451606,6.560252
-2.9783356,0.2214665
2.3709986,12.743908
2.2412765,-3.66086
-4.3039837,2.0850372
-2.540304,-1.1610278
-3.790608,1.4423581
-0.49920014,8.968621
-3.0752614,0.2089027
-2.6012537,-0.93981546
14.057372,3.9242878
2.0748115,-3.4949093
-2.198558,-1.4138511
11.18118,-1.3293129
1.2702255,-0.81053096
-2.939826,6.9194913
2.7123535,-3.9295607
-2.9692338,0.69259906
13.783988,9.962495
1.2471933,-0.9909453
-3.784107,4.776407
14.626457,12.490692
10.968041,-1.5872589
-3.4620485,0.86284935
13.291393,3.0155272
-3.4849734,6.7679753
-3.919164,3.1937985
-2.5291746,2.8771627
3.1554403,13.805115
12.831372,2.9238577
-0.29561856,12.330978
3.0754268,14.415653
-0.58738625,8.626234
2.864028,13.168957
14.892424,7.3673477
-3.1403944,10.522777
0.17387837,12.4896
-3.015014,1.5535272
-3.1437721,7.379656
9.6654,-2.6550167
1.763493,12.367365
-0.07964373,12.528117
1.1531134,-3.1469631
14.750278,5.3520255
13.57913,5.3032312
2.0722075,11.500599
-3.4692795,0.46050566
0.051918887,12.415023
-0.64574414,9.392872
2.9933357,14.282746
14.180854,8.8289385
-1.6379303,1.3627026
-1.4574211,5.254464
3.4959214,14.663666
-1.8840039,7.830383
14.5452,7.698584
0.20859618,-2.1936617
10.432586,-2.1711915
14.418569,5.525803
0.5822281,12.625794
-0.21529308,11.652181
-1.5603455,-2.0145595
13.194462,2.890678
12.502021,6.9450955
-3.2260544,3.1112747
13.269243,4.519357
13.770414,2.793768
0.68498963,12.700755
2.2743711,-3.672057
12.5711565,1.8027396
14.887196,6.20518
13.408418,4.8698363
1.6600811,-3.2755687
13.909036,9.625425
-3.7068655,2.5656543
-2.2113705,-1.3775024
-4.722196,5.121842
14.428982,7.7469044
13.617005,5.645164
14.391667,4.580348
1.2121984,-1.0442134
13.631766,5.6825094
-1.8273983,9.781356
0.52481264,12.664021
-1.972177,10.452454
10.320846,-2.0882175
14.212241,4.07657
-1.0914187,6.24647
-1.9535365,9.675992
0.284956,12.744664
-4.2838464,4.8033514
-3.023776,9.883532
-3.152184,-0.18968475
14.009512,5.772817
-4.2474747,2.034577
-0.22828336,-1.9224851
2.127006,11.569325
13.352454,4.4335117
-1.2247474,-2.4803264
14.903521,7.5056105
2.5303755,13.051779
-2.5858686,9.846651
-1.8577287,0.55199987
14.530047,5.335599
-3.40681,6.9034166
-2.8701038,0.8873067
-1.4306438,9.092547
13.694496,6.105473
14.129525,5.8927226
14.909592,6.6723785
0.2964133,9.97392
-2.4409294,4.3604336
15.01488,6.2448564
2.868966,14.24586
-1.70031,8.587082
10.104817,-2.1150126
-3.031985,0.1358828
-4.191924,6.6655207
-2.92394,-0.65938485
14.647327,8.150077
12.705941,12.320013
13.672058,11.8946295
10.468226,-3.4695227
13.872952,9.826242
2.138021,11.9553795
-3.4213247,4.9957285
-3.0176282,-0.45500624
-3.332529,3.738961
-3.9721968,5.520937
10.92889,-1.4122193
12.492447,6.942667
-2.065212,-1.4411818
-0.25854924,11.463615
-4.119154,6.1418214
-1.8742056,0.5973488
13.96319,9.186465
14.540681,7.9678383
-1.8066609,-1.434721
0.047139335,8.416675
-2.4668546,4.139475
3.3125317,14.356457
-3.5665874,10.294885
-1.3654844,7.7340274
14.088692,3.6285
-3.6018713,2.666231
13.985539,9.596713
-2.5262854,2.845516
13.523954,4.7719574
-3.128546,0.30254143
-0.53531224,8.781982
-0.6659439,9.635341
0.9721241,-1.3041862
12.230251,0.69011647
-3.306568,7.094945
-0.530949,8.730955
1.6142511,11.500527
1.2536442,-0.9255343
-2.776696,8.103269
-2.4050138,9.061873
11.138089,-0.83063334
-4.643112,5.194128
-2.581494,3.2659204
-3.2791476,5.5013
-4.201074,2.8486931
12.744547,12.371177
12.803522,12.337794
10.665035,-3.2907004
14.660479,12.502984
15.412807,13.083226
9.757086,-3.1937063
1.7956473,11.632196
-2.9181852,5.86179
-1.4094206,-2.256026
-2.9470892,0.37377247
-3.2543314,5.4683447
13.934153,9.909074
13.635072,11.493584
9.644429,-3.0078928
14.56272,5.200071
12.824365,2.8775103
12.852436,12.365232
10.935059,-3.0405648
-3.045581,0.3572823
-0.12230869,11.672672
13.812331,3.027442
11.710803,-0.0446317
-0.12097292,11.546752
0.5391119,-3.102311
0.6711559,12.919938
-4.3033686,2.0521123
12.879973,3.0407434
14.568444,5.8297105
-4.763662,9.4998255
-1.1754835,-2.5195615
-4.6287646,6.13255
10.381696,-1.8463736
-4.174869,6.057138
14.834773,7.416079
-4.139155,2.3754342
10.953239,-1.0366077
-3.3670402,1.8682493
2.0851178,11.505523
-2.6797793,8.467735
2.242846,12.099115
13.829053,2.907902
11.476759,-1.9666957
2.3114464,13.6670885
-1.2927202,7.3935895
-1.4586854,7.6352587
11.137731,-0.76896274
14.651552,7.6959615
-1.0950869,6.1945715
-2.0414667,1.811167
13.420776,11.437704
13.312748,11.543271
13.354754,11.678803
10.214879,-3.493052
3.6138453,14.362967
-3.3710673,10.334191
-4.132144,6.111935
-4.395806,6.4643917
-0.5144673,7.2930336
-1.7210425,-1.3935466
-0.077382304,8.218468
13.6183195,5.0845513
-3.0614603,1.0401423
-3.2123377,4.411007
2.4823751,12.855349
0.1345875,12.286616
-3.477427,7.863874
13.796262,10.013856
-2.2801683,0.28982162
13.34915,4.5004387
-4.6839266,5.2606244
11.204979,-1.2541194
11.915249,-0.55027205
14.295344,7.633103
14.475081,5.508314
-3.74715,4.0481935
-3.6985304,2.6816697
14.420655,6.0735393
-2.197656,7.202891
13.362995,4.428278
13.878976,7.165276
2.3685434,-3.7452958
2.6884274,13.48001
1.6865349,12.319001
0.24440467,-3.219559
13.320135,4.904101
14.16528,8.930729
14.143691,8.2132435
12.039979,0.29060906
1.6925296,13.215525
-0.636835,-2.952218
10.600855,-3.3279488
-0.1140359,11.599923
1.328425,11.493462
1.3646767,11.642915
-1.6059849,8.724469
0.6702233,12.885231
12.278369,0.33903325
-1.0350348,-2.6260405
0.53405786,12.6985655
-3.0391314,8.023989
-1.6447579,4.850513
-1.6548764,4.9226236
14.365889,6.224207
13.994343,3.4423804
0.52265954,9.461432
-0.44598365,9.127726
-0.1946901,8.066745
-0.962688,10.515278
12.53832,6.9619584
-4.817091,9.4333725
12.470004,1.5332587
0.12766248,12.386365
1.1845014,-1.0904896
-3.4480789,0.7923928
13.555843,2.6059024
12.647915,11.854628
11.108423,-2.7816496
14.194176,8.440243
14.951066,6.46459
14.310829,8.256043
1.8657857,-3.3872387
-2.60618,7.8984785
13.962891,9.491016
-2.7299595,10.806857
14.538767,8.286875
13.895324,7.9107046
14.761533,7.501653
13.999127,3.509811
2.7395842,12.9814625
2.5076032,12.894312
-3.5563405,8.002123
-1.8958691,-1.871309
12.48463,1.5887682
-0.153332,11.040563
12.904051,3.1790507
-3.8916452,4.631477
13.782753,9.879779
13.142954,11.77164
1.4226866,11.783734
2.180614,11.8787985
-0.5108359,7.3807597
0.7036402,9.444463
2.7697828,13.647532
-3.7627351,5.4246435
-1.5178981,7.850701
1.8146011,-3.384132
11.14364,-0.7680688
14.417256,8.186805
-1.8355664,-1.3860335
13.745055,11.908896
12.929446,3.1794138
-2.471156,10.010373
-0.57221705,8.692057
2.4082847,12.37027
-1.3257234,9.843628
10.494361,-1.7002586
12.001996,0.41091967
13.572344,2.6348217
-1.8737633,5.9629803
1.5501103,13.405298
14.557489,12.424952
11.995547,-0.40059063
0.32711905,-2.2629902
3.1784515,13.885888
0.13926718,-2.1697245
14.632098,7.8499193
-3.8955815,4.5766535
13.358727,4.503224
11.161265,-1.0832272
-4.5663114,9.643634
-4.0760174,3.579287
-2.0568063,11.317226
11.981926,-0.49112934
2.3362312,-3.7176187
14.165146,12.138306
14.2410755,8.148843
-4.100628,6.1136546
14.409783,6.4554324
10.610745,-1.4335203
14.488374,6.248122
14.37943,5.94059
-3.1639585,10.532465
14.2315235,8.735697
-4.325561,2.1285477
2.0801477,11.542703
15.186362,6.8982053
-1.1716388,10.19097
13.239468,10.962978
-4.6921244,6.0575786
-2.4812098,5.9916744
-0.389465,9.243312
-0.43475989,-1.6683838
1.3481869,-3.1491191
13.2745495,2.2210321
-1.5898412,8.456556
-0.3752691,11.073761
12.228857,0.2965459
-4.543885,9.6020355
2.8316581,13.389962
-3.0220063,1.0114427
-3.9558525,2.5560372
13.101895,1.8374286
13.498471,11.4694605
9.796347,-3.2878215
10.917019,-1.2310894
10.628272,-1.6622516
-2.735613,9.690839
-3.055251,0.13674986
-1.9668634,8.8562975
-3.6922812,3.948098
1.7433755,12.732798
-2.4246373,9.378763
-0.876809,8.437026
11.518175,-0.3722283
2.7121384,-3.925332
-4.2699513,2.0051627
13.026368,1.6991823
-3.376851,5.1828284
0.2174179,-2.9958684
-3.5878808,2.3332067
3.5813866,14.572981
-4.170099,6.0006857
-2.702223,10.823473
15.135542,6.9872427
-2.4886527,8.384152
-1.1909373,10.725944
-1.459066,5.289613
1.2283784,-3.1977808
3.6007078,14.666906
-3.339637,3.027269
11.661121,-0.123604916
-0.6280908,-2.9663765
0.87218446,-1.4636581
10.769545,-1.4625032
-4.205125,3.189648
14.046642,3.53436
12.123913,0.089864664
2.3490758,12.818368
1.9298674,-3.4390998
0.34668714,-2.313353
-4.6065197,5.3614016
12.871203,2.9587243
-4.1803584,6.4996977
15.096661,6.6278825
-2.2985523,7.676581
-3.1624434,5.7416096
14.371754,6.221506
9.707273,-3.2363284
11.018692,-1.0865916
-2.2086265,-1.4954592
-3.1620984,0.2831971
1.1248624,-1.3719773
-0.4481836,7.9244375
-1.69696,9.990524
-2.2689207,9.205966
-1.4135381,-2.1446798
2.8865597,13.470757
10.064446,-2.3273182
11.672656,-0.7840128
13.699883,5.028234
1.1117808,-1.3111482
14.221486,5.9908433
0.4854015,12.839227
-2.8478372,6.058677
-2.5465899,9.103962
-1.057517,10.367604
13.960692,7.870899
0.47288695,12.81858
-4.7309127,5.182351
-3.5123615,0.74971575
-1.7350013,10.363265
-2.358429,9.769004
-0.47454125,7.415391
-1.6533189,5.7986097
-4.296095,2.988027
-4.092444,6.258277
1.1942518,-3.226705
-3.275117,7.821441
12.951951,11.906414
10.936182,-2.9854658
-2.6965187,10.8138485
-2.5171921,2.7619145
0.16103582,-2.1838455
-0.27536663,11.683412
12.59604,11.898741
10.824877,-2.927751
0.16855775,11.078289
-1.2652217,10.543226
-3.0165648,0.9834615
-4.314878,5.1892858
-0.24940406,10.861108
-3.0122313,8.23621
-0.021781653,11.871035
-0.28638813,12.406351
-1.2780536,-1.8127053
-1.5991161,1.5466968
-1.6179508,1.384721
-3.235773,0.58901167
-0.7474141,8.496218
-1.9659842,9.5736065
10.640691,-1.3609794
-2.3430305,5.885034
0.39892778,9.359717
14.402567,7.935562
-0.40454793,12.398095
13.822156,2.8267593
13.773748,9.717961
-4.5445795,9.6568
-3.0449321,8.507065
-2.6323402,2.8029864
13.961363,8.685544
0.6069397,12.92709
-4.4647927,9.5155325
-2.8062835,8.816149
1.646934,-2.7975538
2.0700645,12.218585
0.316815,-3.2116292
14.054993,9.691109
13.942999,12.009096
9.728173,-3.2649057
11.085758,-1.2583032
-1.9690695,8.845629
3.6197517,14.675151
-2.3385372,-1.3771067
12.739848,11.887326
-3.6304886,2.5539048
-3.019362,0.79196936
1.2983143,11.863147
13.815635,7.1121697
11.123327,-0.9371264
12.960579,3.3548944
3.4131284,14.433363
-2.8671567,8.683417
13.475661,7.5529566
-3.2429354,6.319479
-0.8497248,7.680943
-1.3579805,-2.3439236
-3.436579,0.7826823
-2.7333887,9.978992
-3.8562658,1.57406
13.857201,7.8131
2.7936428,-3.980643
15.189333,6.9228153
2.299621,-3.700364
2.2104466,13.784596
2.7134304,13.848941
-1.556561,1.2800204
-3.1162186,3.8650117
-4.1933208,2.8594224
-1.758475,10.220733
14.251663,5.4873385
-3.2433677,-0.15305576
-2.2802107,9.903754
14.4609,8.275247
2.8042703,-3.9841983
-0.13720754,8.377904
-1.4696865,5.739774
-1.2195457,6.0505996
-2.355292,9.312103
-2.1137462,-0.52804536
13.923083,9.296834
0.6977541,-1.5662906
-2.5273423,10.604827
-1.9616885,8.775754
-2.207611,-1.5868301
2.021752,-3.5026653
-3.9724538,7.135661
-0.717097,6.987645
-1.942362,-0.5739988
-0.6032639,7.992936
1.3503201,10.54167
2.012434,12.089696
-3.21945,7.2799125
-3.5322537,6.7581663
-1.1990595,10.067759
13.9925,9.514858
13.900288,7.30737
13.373206,3.998289
14.325933,8.087078
1.9156415,-3.4132445
13.991219,3.3844638
12.298612,0.5069705
3.5817535,14.67536
3.0778012,14.128928
-1.1624985,6.5241
-1.0042509,6.5676355
-4.41115,9.754626
14.146014,8.241914
0.9235792,9.927674
-0.9504215,6.739921
13.696954,6.108146
-2.388059,1.1774575
1.3028305,10.446224
-1.0493865,10.731576
-1.7277709,-1.444697
14.702098,7.9704337
-3.317423,7.0108066
-0.49746117,-2.577679
-2.5182984,2.7909193
12.271772,0.44785511
9.649026,-2.653078
14.531786,8.33974
-3.0285125,3.6718137
3.0823884,13.910149
1.1296712,-1.3681428
-4.05958,3.598909
3.5601702,14.414631
14.486398,8.183099
-0.5730282,10.850616
14.581183,5.2329655
14.258041,4.237581
14.559728,8.002398
13.006899,11.592069
2.849449,-4.0302076
10.671707,-1.954429
-1.5221536,-2.1222184
1.1101799,-1.4133223
11.14754,-1.1706849
12.458278,1.4785829
-2.3375852,0.005293864
-2.752515,7.5636883
-1.6556033,4.7218537
-4.021235,4.3257437
-3.9311879,4.1261773
-1.7769151,8.627693
-2.0920362,9.497919
-3.0592089,5.529871
14.363923,5.6032805
-3.094617,8.613446
-2.2235534,9.274299
14.390263,8.371691
10.636736,-1.4767914
-2.311509,-1.3460063
1.7818909,12.900209
14.226802,7.1370845
-3.0239568,8.360922
2.3643262,-3.6733525
-1.7854295,10.023211
-3.4032156,4.675659
2.0625677,13.784394
14.17841,7.1341147
0.13780747,11.749056
-3.79424,4.247838
13.861468,9.41649
-0.32450074,12.230296
13.585813,5.675802
-0.38832733,11.369499
-2.984092,9.302014
-2.9765868,1.4792204
-1.5364413,1.1146572
-3.4924726,0.8454035
-2.6370535,4.639395
13.750711,9.445049
14.543193,4.7637596
2.768032,-3.9618802
-0.49734652,10.094362
-1.6046401,4.909825
1.9122711,-3.4558003
1.9222431,13.6097765
-4.8836117,9.299661
0.5823387,12.877675
13.796375,9.740837
12.585893,11.885758
11.019258,-2.9339395
-1.5644401,10.6209
-2.561199,9.019235
12.548488,6.961468
-3.481726,0.8005983
10.308228,-1.9729182
-0.085328735,8.242654
13.013206,11.75416
13.8188925,10.270772
13.323062,11.884665
9.792725,-3.2948213
-3.9779534,3.8335361
-4.4770923,4.89813
-4.7712293,9.48672
2.7480252,13.575684
0.18033984,-3.2340436
-2.581172,3.7084649
-3.4215512,2.9154682
1.2000315,-0.9652822
0.16997698,-2.994151
0.95631886,13.222345
14.82454,7.3708367
2.4292343,-3.7759662
-3.430219,1.6515973
15.054619,7.213892
0.6148218,9.934039
-1.1593729,6.086742
1.9752867,13.663409
1.1165992,-2.70503
-2.7657218,10.680509
-0.24893644,-3.1162517
13.685944,9.534126
14.380129,5.1781883
-1.5788833,-1.6281564
-0.16204706,12.412552
9.663393,-2.4987693
13.425908,11.943908
13.229607,12.0035925
13.520938,11.868413
10.890889,-3.0825505
-1.2758512,9.905366
10.439493,-3.4158113
-1.428578,-1.8351839
0.55847573,9.290785
-1.1511481,6.335668
1.66148,12.266533
1.1408337,-1.6401122
14.351399,7.6970916
-1.8735003,10.435205
-3.7002828,2.704469
14.192906,5.8643994
-3.878875,6.607187
14.478644,8.205737
0.063493535,11.762249
13.847006,7.334134
-1.2351828,10.158021
1.4730504,-3.0800304
-3.1077747,5.809063
3.1542258,14.1470175
-4.070775,6.077857
-2.6897418,-0.37670058
14.246335,5.4404025
14.070821,4.740484
11.967477,-0.6335853
14.774109,5.6672583
11.441192,-1.9393522
13.946991,4.726126
11.044228,-1.7382976
-0.09459299,8.163734
-1.4776438,5.3999763
-4.298676,6.386447
-4.097657,4.673686
-2.8604221,10.76594
13.221478,2.068042
13.08487,11.837677
12.81102,12.020557
13.985018,11.988245
10.287011,-3.537056
12.284006,0.43877214
-0.40012094,-1.6998351
-1.5827467,4.7413106
15.126752,6.352012
13.9917,5.7902527
14.712126,5.975855
-1.5881131,1.4940805
-1.602233,0.6341362
-3.9217408,4.2746844
-1.6744264,9.885798
10.922507,-1.5264345
-2.6377993,6.013781
14.307664,5.145735
-2.2347963,4.525035
0.90513706,9.892017
1.2645966,-0.854019
15.127743,6.6076403
-2.8086298,5.6767926
-2.199107,-1.6423657
-3.2343462,0.46866664
10.39168,-3.5232372
12.840852,12.038899
3.0990262,13.842737
13.591246,2.6257155
13.279034,4.0742326
-4.3910537,9.759444
11.21255,-0.8530231
-1.1889864,10.138214
1.3327016,13.258021
0.051410485,12.27793
-1.6861734,1.3424829
-3.5466642,7.9891725
-2.23162,4.603936
-3.0686107,0.41436824
-1.6271697,1.367825
-4.8530307,5.5373497
15.208848,6.8151736
-0.6575868,-2.9438725
12.320097,0.8163231
2.1287596,11.90876
13.9465885,7.460562
-3.446707,3.030404
12.217504,0.11222135
12.666597,1.8380344
-4.337061,4.985622
-3.3897989,3.086946
9.643005,-2.917735
-4.749951,9.505559
0.08741581,12.105234
-3.6743152,2.4947867
-3.7864797,5.0287495
-0.5069684,7.7537785
0.9700581,-3.1884599
-3.7587216,7.8340745
2.6974726,13.843954
14.958039,12.725324
14.472463,6.1779933
12.740688,12.092185
11.1683445,-2.6253376
1.13393,-2.2737305
-1.1184263,6.901641
11.71623,-0.64640456
13.416509,4.6868424
-0.15656097,12.389521
-3.176244,8.196743
0.55924904,12.834333
-3.6031284,3.997609
0.52189076,9.228126
0.305163,12.072663
-0.31709558,-1.759107
2.0871859,-3.5079272
13.411653,4.384068
13.703473,5.810325
14.240703,7.9201255
3.3988888,14.393326
1.2366396,-3.1946037
-3.032534,0.7765947
-0.41370335,11.28942
14.901603,6.651947
0.19750388,-3.263931
-0.7514626,10.611146
1.624582,-3.1327302
-4.1185074,6.002857
3.3276083,14.534339
-1.6640872,-1.9566451
14.007821,5.6928787
-3.1407757,1.9028474
-4.021436,4.119002
2.825667,13.837259
-2.305997,-1.2933285
11.981944,-0.48189318
-3.3591821,5.1093726
12.968877,12.125023
12.85561,12.241713
10.240064,-3.4750433
-1.645538,1.3699901
-3.1031284,0.70567244
2.2273808,-3.5141315
1.6247218,12.919436
-2.7848718,10.7511635
-3.3735194,1.8709214
-2.4903383,10.153182
-4.11459,6.3000183
-4.565778,5.01874
14.544248,5.1460752
-4.1159625,3.5901597
-2.9974246,0.74417984
-2.2851877,9.255943
1.8815879,12.007143
-3.2286594,8.204443
0.7409777,12.912775
14.285784,5.8668885
2.806635,13.500287
-0.64788413,9.482486
2.3800147,-3.7429008
-4.6340404,9.572461
-2.5075388,-1.1825024
13.898232,3.1211548
-2.6375368,3.6552954
-0.0068975063,-2.8229141
-0.39070374,10.30067
-0.64527386,8.179638
-2.4579477,9.733427
11.544993,-1.2645606
11.672511,-0.6913801
13.931377,9.541855
14.634711,6.6091175
3.095778,13.858735
2.8460894,13.23599
2.7764454,13.373086
2.7803864,13.809601
9.901367,-2.3330994
12.994716,12.070824
12.909069,12.056923
14.569743,12.435979
10.269514,-3.448495
-4.750294,5.98467
9.876648,-2.4359276
-0.19176471,11.707643
1.4659697,13.345177
-0.96323246,7.729741
10.543175,-2.4082656
-0.20586519,11.773406
14.269238,7.836863
-1.3884714,9.297643
-2.7154763,9.111633
14.533001,7.458738
14.254043,3.964494
-3.3544135,6.314345
-3.3370137,1.6080725
15.070206,6.3942933
9.68699,-3.2378983
12.747461,11.776402
12.664427,11.761121
12.775318,12.196434
14.619659,12.474377
10.420401,-3.4966218
-2.3404186,10.024696
2.708353,13.546287
1.2509732,11.868333
2.4355712,12.734734
-2.5876749,-0.86836225
13.949206,3.379259
-1.1697165,10.16781
-4.5312185,5.2286577
2.900546,13.801949
-2.4647415,10.889022
-3.69518,6.6950955
-4.4741845,9.682882
11.237619,-1.0847914
13.437666,3.8393872
-4.265558,2.6335835
13.769997,10.036199
-2.6992993,7.834283
13.494793,2.6977823
-3.741448,3.8289657
1.2416316,-0.95340425
11.12526,-2.6220343
-4.3526397,9.797974
0.4138085,9.8748
-2.1578588,9.52677
14.522538,7.6792336
-2.141157,-1.5289137
-3.7763143,4.229878
0.68299884,11.76678
14.064957,5.645425
14.288104,4.8265753
-3.151867,5.4881663
-3.699836,1.5620489
10.902812,-1.5311166
1.5657729,11.457736
-0.6274244,8.630252
12.605127,11.888502
12.961588,11.848326
10.46741,-3.5115027
-4.515289,6.235726
-4.5312963,5.1919694
-1.5917524,-2.124848
-2.2958107,1.1082242
2.7436419,13.546972
13.904575,5.9416604
14.528445,7.609068
-3.3002923,1.7511388
1.1490644,-1.2888211
2.6953623,-3.9044151
-3.9768538,5.480924
-2.71547,4.408791
11.589288,-0.19435808
-0.31976584,11.480926
-3.6920981,7.872022
1.3254904,11.9596
-4.2991695,2.0671763
0.014089047,12.204455
1.8892354,-3.3843877
0.22333083,-2.2158012
-0.099646896,-1.930542
12.019473,-0.2873301
-0.5894164,8.12124
12.829467,12.146345
10.8161545,-3.0952516
-3.7317555,7.691987
-3.0928826,0.2753822
1.2598914,10.380841
-2.142879,0.96907645
14.395926,7.57012
-2.3973527,9.126398
13.560188,11.873696
13.270022,11.956814
10.887608,-2.9379656
-4.469533,5.0300527
-3.3246768,6.075898
1.6306138,-3.2868605
-4.2528186,6.6754603
-2.3173404,11.205349
13.220944,4.2161713
0.28419852,12.080218
15.007044,12.766033
11.016475,-1.1392852
-2.2148328,1.6684066
1.4180294,-3.2435951
-1.1156381,10.132417
3.1759832,13.886758
-2.2886755,1.0316025
-2.1050224,7.4547763
0.6878822,9.427171
-4.5030384,4.8985996
-3.1082406,1.8360549
1.1636295,-3.16623
11.958583,-0.44639936
13.943542,7.312804
0.85424244,-1.6850998
13.151046,1.9374961
12.926094,3.168224
-3.103164,5.800007
13.705083,2.7505884
14.362681,8.005883
-1.3063269,-2.3640375
12.773129,11.859187
12.642762,11.837989
10.492501,-2.361003
14.140949,4.7197375
-4.250382,6.5665255
1.9535367,-3.4493384
-3.178478,5.626895
2.040877,11.50105
2.5429351,-3.847095
12.931186,12.14817
10.675772,-3.2797933
1.7838309,12.955051
-2.2537425,-0.26902872
0.818873,10.529286
13.040344,2.6173823
-4.1945963,6.939296
3.2870152,14.574852
1.2512687,-0.977539
-3.9185145,6.301532
12.77365,12.281716
11.51291,-1.9338808
-0.43946013,10.889969
10.917355,-1.5522635
12.592725,6.962857
2.066042,11.4972725
2.6487167,-3.8836904
-2.9849641,3.5430498
14.570195,8.147127
-0.41689166,-2.9485033
-1.1601858,10.145776
14.5546665,4.813896
1.212816,-3.1697557
-4.7341204,6.0757327
-3.309541,3.4661968
9.790133,-2.4219747
-0.9653375,-1.9446468
1.278207,11.538123
2.751619,13.509414
12.750921,12.293817
15.373249,13.045821
10.356935,-3.5186272
-4.2486815,6.2300777
13.60469,2.7962945
-4.2028036,2.5833404
11.060414,-0.89944357
-3.21085,8.178938
14.406076,5.6655774
11.164272,-2.6135843
13.89847,7.756892
-4.081869,3.52127
12.279526,0.8282732
-3.524475,0.5584076
-4.305365,2.109325
-2.812474,10.719782
-0.3555774,-1.6766489
-1.9927123,1.5534617
-4.7555494,5.1491466
2.070668,11.471761
3.1996267,14.289377
-1.2204827,7.456079
12.916932,2.9788058
1.3907142,-3.1794767
-0.5666195,7.1652536
-3.2373848,3.9313471
2.5423603,13.419553
1.536542,12.016739
11.710722,-0.7320156
0.24264675,-3.2561755
13.771479,10.022463
13.105291,11.693958
-2.6357772,-1.0283048
13.82272,5.8194323
-4.369796,4.7611575
-3.2012239,0.21723272
14.510111,5.1492176
-3.31568,1.1191617
1.6985172,12.100272
3.105596,14.291644
1.488691,11.6934185
2.2272325,12.283618
13.788648,3.1190488
-0.48345625,8.919075
0.096411355,11.985855
13.581775,2.6581147
-4.8012686,9.45905
14.27336,5.9529476
-4.3584676,2.2765894
-3.5308912,0.78595835
2.950347,14.290649
-1.0942779,6.9778924
13.867222,7.9493585
-2.036482,-0.5149229
-1.51561,1.3387681
-1.5555292,0.60689515
10.2722025,-2.2374442
-0.70369107,7.8338695
-1.9862772,-1.4359109
-4.1550126,6.622886
-3.193002,5.3523297
14.538098,8.201934
-4.016043,2.9563892
14.812764,5.9134197
13.874287,7.102147
2.429488,12.516498
-3.3503199,2.978838
12.740195,11.762325
15.386198,13.056298
10.379718,-3.5148883
14.148504,7.238867
13.524922,4.004138
2.1139836,11.554989
-1.6569691,0.62566113
11.106773,-1.6931374
-3.1496086,5.481279
-0.41741195,11.422252
14.109519,7.1705556
-1.1053944,10.025688
11.803122,0.06183267
0.82934415,13.125583
14.13727,3.7635517
3.4815123,14.446986
14.813202,7.774127
14.801285,6.9813514
1.166685,-1.2547781
-2.0262349,-0.49388224
12.988104,12.082272
10.325799,-3.5588956
11.559653,-1.9120538
-2.9876606,7.5704823
-2.2896934,4.4802575
1.445231,-2.9655023
-4.1904063,6.7302203
-1.0143857,6.743792
-3.1496751,4.485248
-2.8937662,9.606091
-2.608844,1.2237498
13.941777,9.3188715
-0.20941204,-2.841051
14.672225,6.3849583
-4.877754,9.327879
15.213426,6.8913193
14.623721,12.47541
14.614053,12.474395
15.139976,12.870155
9.708248,-3.2503068
0.624406,12.856525
13.911009,9.431375
-1.9452212,4.6388655
-0.85065794,6.6078496
-3.950907,5.188092
12.507722,6.947936
12.250011,0.39540496
-3.5539932,8.049393
