tSNE1,tSNE2
90.05013,34.29267
87.97129,-27.935133
72.52041,-25.64778
72.820656,-10.232166
96.10002,35.505318
70.816925,23.281477
70.43241,15.419398
95.31623,35.540974
75.49493,30.85838
70.82963,23.392435
81.46365,-31.521952
67.07865,11.920977
83.414345,36.579388
69.60049,13.5542755
65.861916,6.2476153
92.55472,30.713322
70.46381,18.840734
93.31777,32.42593
92.32322,32.748653
92.99353,33.033646
67.24692,1.6392415
66.23244,5.694584
82.98909,28.749144
66.81698,5.183933
67.91335,13.456147
66.81963,5.4979696
67.17221,5.441215
67.84386,12.695742
81.47968,28.20517
91.835464,31.27835
73.08765,-11.811512
73.09679,-15.24529
72.8169,-10.202656
78.498474,29.868542
73.38887,22.282562
81.143196,38.17887
72.37499,23.302614
80.464554,38.855705
94.623436,34.851578
69.24878,16.762735
70.82626,23.340042
66.99155,1.7273263
91.25076,31.505991
95.27273,35.539566
68.64451,12.68607
67.45944,6.135516
67.36335,5.832103
67.47475,1.5642265
69.986565,17.844667
71.18882,-39.310543
73.57126,22.03866
69.902855,13.518094
92.76098,33.119144
67.84768,15.794782
72.32071,24.090014
69.575645,-16.798485
67.39363,12.158292
78.61016,-19.393257
70.356575,15.632959
67.81075,15.864373
94.25942,34.52521
72.44355,24.799301
68.32221,12.876115
72.24801,-24.698236
81.20765,27.992271
91.43166,31.509314
73.27328,22.499502
78.487854,29.866428
93.9315,34.22922
71.737724,-19.41174
85.53289,-48.541077
95.209785,-31.348644
87.04811,-16.636604
96.4232,-19.291405
87.218925,-51.43423
92.929054,-38.816074
90.175766,-37.306217
88.38106,-27.264648
71.285965,-18.789349
87.195335,-36.193546
87.73898,-15.606608
90.0208,-13.038764
93.08264,-38.85203
92.48726,-29.58245
72.97459,-12.319197
92.23918,-24.180704
79.85439,-21.128479
98.018,-16.680183
90.86461,-13.08767
85.07234,-48.348816
92.10198,-37.530712
95.75016,-23.42321
95.74958,-34.034477
92.30705,-28.741623
87.531395,-15.917231
72.74713,-13.109015
95.773834,-34.01575
81.2831,-47.718765
92.73241,-37.963985
96.41851,-22.941628
95.435104,-16.244364
94.27687,-38.083145
90.948784,-24.31008
93.98101,-31.927197
86.09184,-51.78303
82.53622,-33.412247
83.12838,-47.72814
72.61677,-15.140064
95.80904,-11.868531
97.14867,-21.761124
93.142456,-24.881886
89.89002,-37.161537
91.81979,-39.3268
93.66701,-39.429943
95.739845,-32.05827
86.90336,-16.804718
91.94705,-39.044575
93.74164,-31.302055
96.77734,-22.732864
97.45416,-16.548355
84.20081,-48.041256
85.81634,-52.368908
88.75654,-13.73279
72.16061,-15.845456
83.07092,-51.620285
93.14939,-31.072779
86.90934,-51.43771
86.80272,-51.555336
96.32425,-19.16073
92.06978,-24.127075
68.41843,-21.783146
96.85561,-16.777033
90.2581,-12.635504
82.44673,-51.312294
90.97564,-24.239223
93.924,-40.168476
88.590965,-26.890202
96.89553,-13.7049
96.4554,-19.11588
96.59915,-13.577082
73.03792,-28.485884
95.56357,-16.046686
96.08763,-12.3873625
95.92644,-23.330927
82.592415,-47.75884
96.89631,-23.074291
95.004425,-15.687697
79.5498,-20.608784
84.12887,-51.866703
93.10266,-30.857115
90.60834,-11.130287
81.58388,-4.186704
90.42979,-10.252172
93.16017,-10.504248
81.59328,-4.159385
74.58399,-12.063793
81.47041,-6.822663
94.95069,-14.844017
86.09668,-7.658051
74.682816,-12.261551
85.49072,-6.294686
84.18671,-7.5893145
89.75886,-13.074181
90.48256,-11.434082
85.27756,-4.71221
84.701775,-5.5337977
84.29659,-7.2318864
81.60431,-6.726432
93.16945,-10.533614
83.41395,-8.79041
86.32015,-7.856627
85.038445,-5.450371
84.2164,-6.6426125
-49.035656,-66.33163
-16.470032,-62.62826
-48.967884,-66.31961
36.1555,-58.617374
69.52015,-21.178493
-32.816902,-70.54867
10.370779,-79.782715
-6.735203,-97.88341
-62.654858,-36.11041
18.82512,-52.614235
-11.305069,-78.91851
-4.072868,-40.900726
-55.583126,-71.82098
-31.748348,-95.139145
-40.479225,-70.69591
2.1002116,-89.87469
4.272666,-31.915857
-2.209327,-50.955658
0.37896562,-50.385418
-0.070000306,-92.77048
25.25211,-73.130135
23.992126,-68.3289
-13.556022,-35.33114
-19.834015,-74.55543
34.921017,-62.56121
6.034907,-66.90451
-18.018433,-82.98407
-12.018422,-95.85979
-5.8426514,-59.288578
-52.798046,-64.87125
-69.23639,-59.56439
26.513897,-46.25661
-7.3217506,-64.87821
-58.55484,-55.48975
-58.45253,-56.348682
-21.860748,-82.98329
33.19019,-35.979053
-38.154556,-70.70823
47.23166,-50.771675
-15.269826,-72.18999
-27.218895,-69.45867
-21.71714,-61.388844
-3.1554358,-34.753742
-4.6804504,-46.438072
-17.967157,-90.510735
-52.552048,-65.513824
-29.459417,-92.40788
-14.165618,-71.40594
-52.119648,-71.469734
-24.733297,-91.01904
-4.8796377,-82.30898
6.3177185,-53.387836
-18.572264,-82.55203
-0.76718724,-32.12855
2.110468,-57.658157
-6.553316,-67.11788
26.427563,-38.23221
38.462593,-50.91989
-2.7373285,-52.285053
-6.2656794,-98.22435
-0.43662727,-45.846096
-6.621627,-41.712536
-15.498265,-97.08913
11.755689,-69.11346
49.36939,-49.36953
-14.681234,-86.677956
86.12971,-35.941097
20.299091,-42.45548
-13.542398,-40.94567
-6.630418,-67.099976
-13.642471,-80.14327
1.2814845,-90.12377
-17.749208,-65.71465
-45.751633,-83.53415
23.90614,-37.451057
-20.73788,-91.249245
-7.693601,-53.60944
-19.61279,-44.23553
-23.630133,-59.88429
0.54635537,-50.419903
-56.332687,-40.359737
82.28232,6.219137
-15.147853,-38.653725
22.083546,-71.18825
8.445064,-38.5818
38.925556,-50.447514
7.014783,-66.282814
-24.525595,-95.52853
-20.209675,-71.28038
-17.019402,-35.436874
6.451169,-85.29634
8.660466,-56.735733
46.693592,-48.87798
-5.941499,-66.80334
-7.7551146,-74.55453
-14.837527,-80.48054
-42.58203,-76.71282
-17.054523,-63.303543
-0.30342177,-31.422323
-52.929165,-64.04954
-7.9041634,-98.47098
29.141424,-49.009438
-6.036986,-48.11236
27.384373,-46.353016
-55.365883,-44.728016
-20.574787,-93.36103
-23.516336,-96.8326
2.8258283,-90.056885
12.22535,-76.96424
-63.960743,-37.94847
-63.685997,-35.72615
-50.152668,-79.62599
26.672709,-69.93254
39.72519,-50.671326
48.384396,-47.871933
-23.206114,-101.56531
43.737385,-43.7633
27.381624,-41.65472
-49.691948,-77.91863
-5.077132,-73.51668
-15.061006,-43.551365
-15.921923,-71.9839
54.511482,-85.92635
-49.537033,-74.30499
17.426958,-48.756886
-23.753757,-59.90517
-8.642293,-75.15014
25.567024,-35.150547
36.891098,-49.578278
-27.253561,-86.59095
42.39764,-44.894413
-2.8096418,-34.09561
8.112497,-57.039635
-60.197083,-67.37272
-57.555927,-41.808266
-22.753963,-71.160835
17.785109,-53.776676
-7.8742247,-96.91505
-39.1727,-87.14377
61.32999,-46.086956
-19.919447,-44.450542
25.34191,-35.96724
-52.013042,-71.38006
5.895942,-65.25141
8.800187,-39.822334
-21.219624,-58.410236
-17.210535,-89.46084
22.697985,-57.147705
20.30209,-55.621273
-38.126484,-63.355057
-37.31755,-63.239952
-55.90107,-39.717068
-14.301441,-71.131386
-45.57159,-83.6441
5.3205543,-66.11222
-6.3494678,-41.643753
14.615432,-55.52364
-60.919895,-69.0366
-23.589174,-70.6696
-21.617683,-100.302666
-40.433014,-73.263725
-50.695595,-79.43669
-10.009226,-28.574219
-70.72925,-30.7774
25.903946,-88.2426
11.603278,-67.44804
23.434204,-57.814972
27.382896,-47.23111
-12.294577,-60.588024
-7.877282,-40.871925
-57.591385,-45.27425
83.028145,7.2886405
50.48768,-49.2983
-1.342927,-43.89355
49.605743,-57.22386
-60.552258,-54.006844
1.6082574,-87.07956
-23.06953,-96.65496
1.7971791,-96.652626
30.776852,-37.933674
67.77797,-40.338314
-25.152182,-94.634
-65.152214,-37.531567
-25.297998,-85.96118
48.29975,-47.208214
-6.353665,-101.782555
54.415543,-49.447765
7.4491386,-84.3081
-3.8417215,-35.689568
-47.291096,-70.68318
-51.199703,-80.35362
-52.875317,-78.32346
-12.438525,-57.70375
20.120113,-50.282444
113.42205,9.956262
-13.145418,-80.103096
26.434816,-86.477425
-18.352272,-90.18408
10.387789,-61.587147
-56.11379,-46.276485
-25.677286,-71.999596
23.62357,-71.9615
-13.79082,-41.365818
-25.630316,-61.88042
-59.399536,-46.909195
18.884802,-35.15713
-41.730354,-70.80815
20.485268,-55.18266
-20.807407,-85.95988
-6.182996,-43.092377
26.41737,-44.179585
26.074371,-58.6349
-47.300613,-70.744
10.258008,-61.455353
14.907316,-37.065395
-43.99898,-75.09384
48.254017,-49.90721
4.799347,-88.40953
-41.854584,-76.874626
-14.415284,-80.32051
23.957502,-68.28929
-9.149566,-58.641068
42.532074,-44.7602
112.4876,9.714497
84.04917,8.35775
31.842197,-36.897766
-8.898117,-75.567
6.971867,-60.265602
-11.907273,-96.461105
-6.819935,-66.383354
-2.8803132,-34.70281
3.3621483,-87.69715
15.927953,-37.087353
12.30099,-76.81062
-5.2937026,-40.004456
34.736546,-63.149345
-17.758915,-88.83654
-7.2282066,-53.524853
-54.35012,-78.86866
-54.55566,-44.402447
25.142359,-68.77823
1.8088435,-96.68055
-9.665828,-72.166794
31.677423,-36.364433
-4.3433375,-40.214314
6.947014,-38.32276
35.969048,-60.40492
-3.4768791,-39.949547
-51.389915,-84.94517
-11.422881,-94.17697
6.238095,-32.470554
9.278002,-56.401863
6.3039517,-33.403625
-40.6228,-87.002464
-19.549622,-99.70067
26.97894,-41.942066
42.065792,-48.595104
-70.2959,-50.87947
38.046707,-50.244976
25.100492,-90.98285
16.632845,-37.07861
-12.175565,-59.829117
-20.674675,-76.450714
1.0378228,-90.14031
-15.057646,-58.044567
-13.779783,-56.985893
-20.889748,-72.29066
61.564697,-48.750813
7.823728,-58.489296
-23.96969,-97.84466
-60.61762,-53.99185
10.453835,-67.427574
15.108699,-49.356915
-0.58979166,-46.068207
-4.633896,-33.268574
-58.86966,-66.35183
-16.764225,-35.880764
-49.263935,-73.98705
13.499132,-36.437565
12.014539,-77.37934
-24.209555,-75.6954
-12.025372,-29.515444
-32.133427,-70.924614
-59.50381,-46.99522
30.034906,-69.026566
66.83219,-25.096706
15.62731,-55.86539
-28.298494,-86.602104
-60.74351,-70.473885
66.51688,-38.90224
-24.005087,-89.19635
-0.8466506,-68.80728
8.47652,-80.49448
-6.3486395,-101.74572
-10.847291,-94.37851
1.0225322,-50.550396
-25.946217,-62.588657
-20.601093,-99.41513
-38.95112,-70.70074
-4.9707513,-46.757786
-56.30442,-44.71882
28.393778,-69.37572
6.392071,-55.16346
-9.704573,-59.808834
-9.272289,-42.685337
11.278655,-38.27196
66.259125,-38.332172
26.92724,-41.061485
-4.0924144,-53.356766
-14.588122,-65.28321
34.245678,-65.04866
-2.3023043,-72.11781
-16.913754,-35.301765
-2.8337355,-58.68797
11.047654,-38.50452
1.9640608,-78.239876
12.895591,-37.19107
-19.98382,-81.45078
-3.5818639,-57.975037
31.954659,-67.62557
20.61746,-43.755905
-14.717627,-42.82403
0.48890415,-72.31603
21.858738,-41.732803
-16.300285,-98.14272
26.385324,-70.51797
-19.781242,-81.38963
11.917444,-63.653454
-12.070574,-28.943445
17.645903,-47.971966
15.499056,-55.729305
11.519746,-78.47958
7.515551,-39.275993
-7.001101,-35.77187
-5.5099664,-49.149235
-24.695951,-85.31526
0.5500766,-72.34718
37.658905,-49.994183
-8.5593,-98.800934
-17.740868,-88.98019
-20.553326,-74.83667
-15.009495,-51.961582
-15.305886,-59.287155
-3.6726227,-81.90061
25.894215,-33.38216
-25.057177,-91.54966
-22.869907,-101.20447
22.434046,-37.552696
-4.793609,-52.055355
-19.911228,-61.58707
-19.22491,-43.06608
34.103737,-62.99167
-61.12128,-70.61365
36.097336,-59.42712
-53.390747,-76.87537
13.423747,-37.010983
-58.8873,-66.34677
-15.05883,-52.713924
-34.590973,-54.38414
-21.997223,-83.23313
-0.950687,-79.8292
-0.02579328,-92.56969
12.037866,-67.067474
-25.73199,-94.47152
-36.600098,-86.36714
-64.044106,-39.824066
-53.51512,-62.44004
-48.73676,-66.37495
-54.72765,-71.831375
-18.272022,-45.572216
-2.9162545,-58.680035
-51.06254,-72.71218
25.752192,-46.615307
0.2968419,-45.984386
1.8633904,-58.762684
4.42262,-87.05452
19.118576,-35.648483
-6.3531194,-48.176403
9.650132,-79.79333
-20.393892,-92.720894
-20.62845,-99.37343
4.9295154,-32.396282
33.161266,-36.023098
-71.57466,-30.142958
-6.1689806,-43.06876
-47.14811,-74.02194
6.803855,-33.433502
-40.06309,-70.57461
-28.455465,-87.01143
-15.9527025,-97.4625
-25.45514,-61.572746
-35.277367,-54.229393
-14.832409,-43.122433
-32.759872,-70.59413
-16.682251,-63.3027
-21.697409,-61.706253
-9.888141,-46.68677
23.637547,-57.976463
1.6957837,-59.129124
-43.781853,-46.601864
-22.485855,-71.33961
-12.052055,-28.460924
-9.152412,-46.70263
-17.222837,-96.185394
-36.622208,-51.38161
-24.992191,-70.98724
-19.675117,-71.04824
-16.582468,-34.58149
-0.53404725,-31.83833
-5.6270156,-32.14937
-17.46766,-96.02059
11.120383,-62.41926
-55.092133,-39.506336
-19.35255,-69.05172
-51.51782,-77.65658
-5.011392,-48.88058
8.764765,-80.22451
-36.98085,-63.1876
-47.408802,-41.32767
25.862268,-33.755806
-62.072285,-70.4539
-14.178598,-65.13768
1.2192968,-40.2881
-48.381153,-73.35877
-40.42942,-87.00301
7.4980803,-84.313416
-3.008721,-54.20682
29.230425,-69.03222
2.3965394,-87.31763
29.086718,-48.926613
-5.932908,-31.547615
-1.3514009,-43.969887
-45.15814,-74.16627
6.6022553,-34.234234
1.4186107,-87.11207
1.9393983,-78.26972
-13.583238,-64.75631
-40.516083,-73.55962
-72.60177,-44.220795
-60.85825,-69.25194
3.8294742,-41.277035
-25.551207,-71.28401
24.30081,-58.313393
19.637392,-36.141327
-7.9171944,-98.361496
-43.9185,-46.632996
-14.910948,-37.47755
-61.343616,-70.607506
-8.16227,-73.809975
11.6612625,-63.164646
-15.173699,-59.014175
11.906689,-63.571556
67.56665,-40.193108
-0.28053617,-92.753944
1.1158545,-93.831795
11.515765,-68.30108
-55.362583,-72.62506
-63.236916,-35.693584
-11.939336,-92.21447
-28.99876,-93.19414
45.306293,-50.039097
-15.049489,-97.05114
-2.1954625,-71.86462
25.31212,-73.05475
1.8069922,-58.55508
-9.277137,-58.83638
25.826445,-88.48388
-12.225835,-29.256258
-11.850734,-29.618877
-51.248844,-84.75058
-44.846184,-84.047134
20.546932,-37.82025
-20.418663,-74.05293
33.0143,-67.56537
49.77103,-57.96613
-5.7647376,-57.33065
-20.658222,-90.661125
95.898544,9.093315
-22.488802,-101.02506
-28.341148,-87.26203
-1.3814905,-32.868904
-59.07417,-66.48219
66.172035,-43.802677
20.338749,-37.869923
-22.952751,-60.91537
-31.618355,-45.15303
11.849165,-35.936577
19.235018,-51.090347
40.092377,-51.21447
-44.498707,-74.4963
-9.934893,-45.10619
-35.989975,-55.250347
-47.12035,-41.388912
6.867606,-60.51103
-41.464916,-76.56158
-13.37636,-40.362804
4.573675,-32.170296
-51.246086,-81.885605
-64.01992,-40.034058
18.937193,-52.96852
-53.444485,-62.64363
-57.72822,-56.22851
-35.925873,-55.23336
-38.49065,-86.32708
-35.49479,-86.38405
-61.15369,-67.56303
-9.887296,-28.607359
1.8394785,-59.41445
-40.49379,-74.67283
2.0894578,-59.8034
26.570765,-45.445675
20.469868,-43.408318
38.40098,-51.328644
-26.513826,-70.72424
1.5726582,-95.10885
-18.749207,-89.169426
-36.15993,-86.35684
20.471384,-55.181202
-12.465883,-58.52151
-6.1904283,-96.973465
-36.902584,-50.948
-15.15717,-38.310802
46.846886,-48.759106
-10.089516,-70.46506
-31.438515,-95.421265
-22.304686,-53.194424
-21.074968,-58.914932
-40.142933,-69.058
25.002522,-68.71858
-73.30608,-65.36916
110.31467,8.021662
26.731373,-40.035343
-63.94183,-34.805447
-28.719534,-93.77763
20.253763,-41.706356
110.37456,8.916513
-4.720906,-57.35236
-28.634192,-94.02097
-55.48315,-72.94858
-21.344862,-98.79348
-24.925348,-85.57249
25.419146,-89.47567
-62.049236,-38.0258
-57.11251,-45.294792
-1.0313178,-79.87068
-16.460407,-65.639496
-16.754887,-65.46867
11.936461,-77.55859
10.272408,-55.828575
-51.290165,-81.244
3.961335,-41.210155
-17.653276,-57.419254
-27.054483,-69.634224
-15.040545,-52.986877
-7.125398,-68.50576
6.399599,-66.47152
-7.3983564,-57.222103
-11.150612,-93.81012
43.564953,-44.006676
-49.82425,-73.47075
31.656948,-37.306767
-53.21252,-71.64855
-18.814697,-75.97375
-5.613515,-32.276962
-31.667976,-45.104534
-30.501131,-46.146793
-9.979999,-44.1297
-2.5159755,-69.591484
17.537428,-49.18411
-21.94796,-101.242134
-24.372038,-98.08155
-20.648142,-57.88139
6.2272606,-85.67686
-20.926561,-85.95467
-1.3561507,-35.70216
-11.349799,-62.651157
-55.21999,-81.50501
-61.365685,-38.30571
-56.40543,-45.35486
26.459131,-37.63221
8.174904,-56.831573
24.391598,-37.35015
14.628784,-48.83143
-51.214138,-82.33143
-36.953957,-52.612488
-6.936041,-73.81047
110.84255,9.218443
-9.030019,-46.875732
-19.769142,-44.31517
4.9817224,-87.31377
-64.22449,-37.61751
-64.09152,-37.385475
-7.0731583,-97.27893
8.256114,-58.521027
15.254577,-49.241966
-38.192593,-50.706974
15.897202,-55.61701
-16.20778,-71.60766
-37.861206,-50.865227
21.42917,-70.47637
9.299334,-40.22682
-8.971068,-53.3269
-11.813571,-63.53909
28.157366,-69.99112
-10.361881,-45.67929
5.37635,-32.624767
-30.407463,-90.46301
-40.052296,-69.46657
-5.1237864,-51.453354
26.46926,-43.030014
-35.358963,-53.523785
-11.353497,-79.016426
-19.603924,-80.41792
-17.600103,-57.459667
-57.636272,-55.089146
-58.444695,-55.561054
-58.591274,-56.727955
-49.379448,-75.62212
-5.471267,-82.62994
-20.263403,-87.456985
-14.586949,-57.143135
1.2000566,-40.30484
17.404558,-37.27636
67.144516,-41.923412
-24.061762,-76.21763
21.8561,-70.93512
41.93355,-48.6937
33.083675,-67.145035
-36.94285,-52.14707
-1.9656467,-35.25436
-20.515995,-75.02109
-16.548319,-64.18233
-31.650478,-45.11527
5.2636237,-67.884926
41.319626,-49.018425
-20.10076,-92.36225
-8.244775,-72.9752
-53.293663,-78.53686
-1.9162171,-70.37743
5.2528358,-40.683575
-4.5363097,-39.420525
51.695797,-56.963417
-51.957436,-77.95262
-12.993404,-34.955612
-3.2350564,-52.186295
-13.782285,-56.829815
26.931267,-84.04612
-24.377644,-89.32238
-22.30291,-53.212784
82.17998,6.0575213
-66.20516,-56.18532
-68.519035,-56.476406
92.531906,9.359957
-10.829354,-93.560455
26.960659,-83.84637
-47.98487,-73.27465
-52.643486,-71.54044
-30.68933,-45.999756
-7.335079,-64.87098
-6.8275523,-75.31233
-5.65825,-58.712738
-35.251488,-86.38466
-12.3256235,-60.97037
-4.2251153,-52.33586
-11.568562,-93.14767
26.540623,-41.165813
-13.613722,-35.312283
64.55941,-65.87985
57.972477,-53.286007
43.816994,-77.201195
80.334206,-47.634075
44.86408,-79.483376
64.30823,-46.164333
51.856895,-82.14814
68.75606,-51.24811
58.82998,-70.23582
64.843704,-26.65923
60.007164,-47.957207
72.64568,-14.205363
54.028427,-85.36284
67.92507,-67.7031
72.13578,-50.884716
52.618298,-59.61497
75.97115,-26.641344
61.813103,-50.764446
75.654724,-45.868187
66.06396,-67.11728
49.36939,-49.36953
51.8495,-82.09604
58.260544,-76.74971
46.65234,-79.89231
66.99392,-62.945995
58.69791,-74.36924
63.279087,-27.04713
33.69862,-69.79478
65.2049,-26.240845
57.918385,-54.448727
54.511482,-85.92635
60.65108,-64.00153
75.81471,-27.224066
48.68108,-48.11589
45.91264,-79.24853
45.62484,-77.630325
75.57858,-45.966587
58.70065,-77.06543
57.915066,-54.170948
68.75229,-58.97406
60.66852,-48.738518
54.418312,-49.450905
60.86684,-63.687263
58.068863,-74.53286
66.83109,-63.603867
45.582516,-79.079575
66.715675,-66.92079
35.16855,-71.40732
79.38597,-34.01738
52.04364,-82.132454
56.18878,-80.00347
55.76499,-71.01214
43.86142,-77.24545
61.934437,-67.68251
70.10304,-51.317192
80.07169,-21.56533
35.97074,-60.401226
80.853035,-32.482502
61.929703,-67.66643
59.671825,-50.554214
57.13533,-78.61411
63.43867,-51.639004
54.137535,-85.45867
80.12831,-21.688877
79.35987,-34.09419
64.7875,-26.75119
67.00435,-67.04169
79.04943,-35.873375
54.013885,-82.58792
66.11359,-43.90419
54.2597,-83.18698
34.246532,-65.057915
69.061195,-51.737366
66.92551,-42.37171
76.62205,-45.128777
56.010742,-69.653275
54.13902,-83.067215
67.09463,-62.675304
68.433014,-49.7915
72.042,-50.951992
58.810112,-75.65111
55.565258,-46.21706
34.103737,-62.99167
66.09329,-25.040724
54.397877,-82.053505
72.14688,-17.047962
52.39151,-59.713867
35.068245,-71.29819
49.63509,-57.51955
71.20244,-18.371603
52.092613,-59.60261
47.13443,-80.2525
69.42354,-21.132318
74.02898,-49.19133
70.079506,-51.298084
49.802048,-49.297455
69.22147,-40.25237
78.97981,-36.323986
54.779182,-68.70492
55.913258,-69.83258
47.80089,-80.68881
58.671055,-75.4954
66.739525,-25.425652
60.96095,-50.03791
74.88409,-26.696814
63.104095,-51.636894
54.670223,-68.85915
55.163155,-50.577106
45.68585,-50.03697
45.526264,-77.93625
68.31345,-60.469795
55.714962,-70.32085
64.16305,-46.255737
60.27744,-50.00703
62.413345,-50.100338
81.20668,-32.35708
45.416862,-79.49959
51.566376,-56.74393
46.08352,-76.748695
68.84523,-52.65401
64.079414,-51.07349
54.301296,-49.04003
59.329304,-70.2857
79.386475,-30.793259
54.37034,-69.42583
64.87851,-50.74938
70.90882,-51.299248
65.64111,-65.14419
82.449,-51.313576
77.969215,-45.53207
73.99795,-49.17697
76.2752,-45.33574
61.06318,-63.47074
58.03905,-53.073345
59.618618,-70.34384
75.98157,-27.757141
61.5527,-45.852097
66.34789,-64.891716
76.148094,-27.763882
77.03152,-44.636017
55.690582,-46.14306
79.199356,-46.097855
66.859856,-23.941837
79.01577,-35.225418
79.17053,-34.709156
70.42078,-16.736538
63.797024,-52.22033
66.58382,-24.559357
61.154465,-47.07437
79.4909,-30.427048
68.46386,-60.14272
67.75003,-49.990788
-46.111366,55.65412
-9.091026,52.57237
16.729626,32.07366
16.59117,35.988533
16.14919,32.378456
-27.201162,0.71440446
4.440433,12.023127
-40.117264,1.2792869
33.21512,13.292722
-15.597354,58.592976
-63.47032,55.182457
-52.481804,69.20219
-42.989223,42.293053
14.066314,98.659256
-54.38271,49.660164
-83.98339,53.86057
66.71057,57.006817
8.866971,16.024836
1.3079218,54.682346
12.522975,47.640594
-42.887703,36.33012
10.04869,13.993439
-50.88286,16.314707
9.820466,99.35474
56.615993,68.90534
-0.47022143,-9.847742
-6.590422,73.7515
-44.706963,57.22788
-60.713173,42.955975
33.93109,12.286332
-42.719357,35.744587
-51.335808,64.819534
11.401968,27.195524
21.492731,43.63706
1.1521596,7.335508
-35.135868,3.384771
46.881287,-11.915693
45.80735,22.689627
1.9684912,-9.046207
-77.53549,20.01992
74.52974,68.75359
76.55334,41.38216
-22.717537,88.83122
-7.27437,13.384322
11.827582,58.508976
-6.827188,24.110752
-23.486834,22.61257
-13.502318,46.59729
-31.521006,26.603052
-26.472963,4.5918264
-49.5281,74.579834
2.8434272,63.892475
19.136633,11.22047
53.45026,-8.552143
23.37338,55.021976
-59.052044,-3.6356611
46.215137,11.840746
15.863334,76.09011
-9.51456,95.0676
-20.578522,-18.911663
-38.15995,-1.0421075
-23.577158,88.83835
15.690813,15.204269
20.941187,38.4826
26.120136,28.523697
0.49739906,55.87759
-45.44976,59.04411
-16.225775,57.60086
-39.57353,42.085606
42.941246,-29.105312
-1.8026898,-1.9618584
-51.76412,66.63709
-55.67997,35.1149
36.93385,28.288929
20.272152,18.290508
-56.0435,70.10974
-58.979996,64.161224
59.781136,77.83165
-15.320877,18.871546
42.611034,21.136875
-73.57428,46.211563
-2.3338485,77.77722
-33.880688,-13.659385
-84.48101,53.39327
22.764404,-12.2269
6.6915145,93.98955
-78.910095,54.91162
-77.9129,20.942556
-45.414482,73.9967
-8.166446,-2.7902694
45.348194,-17.753056
-60.588593,48.67683
32.28691,-10.052166
-54.816948,37.225273
-53.19736,49.406246
-36.40679,-18.001917
-82.90294,47.22819
18.488052,79.080345
23.708172,-14.955314
12.000437,58.55135
-4.0676537,5.8861027
-46.46176,73.014366
-53.191837,63.57844
-3.7637303,-12.516012
-5.1668344,70.936386
-45.7282,84.87463
69.29071,50.37661
-5.859359,10.337778
-95.618225,13.404224
63.282314,74.87584
-74.25479,30.879515
-55.252197,80.02144
-62.913643,62.89042
53.889416,68.428734
9.153289,41.271507
35.230457,-0.37196574
-41.30194,3.1956928
-11.104886,-12.568345
-31.119566,-3.9688926
-7.091546,73.8468
-68.51035,16.83984
52.414623,-2.035534
-8.337113,-11.961904
57.000896,-4.8332624
27.392212,22.496506
10.82526,80.51486
-3.392365,-16.489834
2.9335363,64.04882
52.97051,10.575585
-1.3683481,53.530636
29.628942,99.43914
15.883098,76.215614
9.864718,27.68367
-12.950749,27.737099
23.378239,1.9197319
-74.61857,33.877697
-11.335914,42.618378
-11.216618,48.42908
22.860447,-11.752624
21.687796,61.198963
12.80775,32.721626
33.93141,11.536232
-40.89367,-19.925768
-74.95491,37.77361
41.977436,14.369125
30.856216,-4.961057
3.5234773,24.147562
-34.046337,45.228218
1.8908937,63.03682
-55.93318,70.232704
-63.539154,51.69049
-46.12869,-9.659979
26.585373,32.7759
56.522392,80.23623
-92.41646,22.793514
7.6455774,100.82449
0.18121094,-20.898447
-14.539662,65.032295
-14.897065,47.151028
26.640657,0.06797516
74.32112,67.643135
45.778095,-9.733268
-42.14816,17.443298
-30.07307,92.77079
-41.238205,-20.024939
27.737875,101.35533
-46.997166,-7.887528
-68.29174,13.109348
-9.162379,24.249464
-9.240433,95.28093
38.60899,-7.691401
62.257065,68.92681
6.2803,93.643036
67.96478,73.61745
41.61061,90.49307
-81.334335,38.38134
-58.414673,20.258192
53.75331,17.04809
-49.68579,82.973114
-55.841034,39.09096
-85.5746,39.416557
45.764305,69.50478
56.96672,-9.186825
-43.493195,30.891266
61.475056,77.509834
35.67065,-7.5087786
0.3772684,57.629078
8.467733,-18.976875
-2.748311,77.66715
53.703976,40.322647
6.9253736,13.392968
-50.27962,62.645767
-31.427095,-20.78131
-42.426296,-8.968628
20.529116,38.081154
20.93801,29.557087
8.656237,-18.71591
-6.104402,74.8655
0.45503607,-21.016659
-20.784502,-12.540888
-17.542953,19.59635
-42.681755,29.765274
21.040977,-17.583828
49.956547,49.997707
27.83551,96.55229
14.524006,31.996315
45.46844,-18.37089
-1.778794,53.305817
-21.851025,23.239086
-30.799667,-20.990545
-9.143717,72.13596
33.33871,-9.146341
-14.290726,-8.473801
-41.9862,36.306164
-52.450466,68.42233
-96.474045,13.437616
-8.999914,25.943855
-11.381249,43.0502
34.847473,15.563492
-15.770414,64.02391
42.711994,52.72573
-1.3794869,24.30518
-60.77595,0.9868054
-38.51094,10.366986
-46.41395,83.71403
3.0280316,66.62465
-13.841021,-18.72933
-49.623714,31.299913
65.25101,34.01064
-81.64024,39.21737
17.091284,-9.976824
2.9591036,96.54264
-31.499874,-24.377287
-7.108601,13.8861475
-25.741863,24.117064
-22.76512,82.92967
-29.94385,14.350253
-12.433074,51.180325
-11.650361,41.617573
-13.059061,27.814222
-43.188305,30.521383
41.705563,3.8322968
-53.092278,48.833805
56.902058,69.02846
30.064404,-10.978377
50.243336,52.29285
12.410309,-14.348029
-68.21611,13.001275
-32.63813,84.13153
-3.7651248,-16.29003
-15.178636,61.940456
-44.334663,58.635128
-15.620039,-11.244475
-33.20754,-27.33833
5.571114,45.42996
7.447008,16.344383
22.824308,18.022745
-25.130842,18.948523
37.904125,3.6251378
35.746864,95.018654
16.463224,15.3785
-1.8239708,84.451416
42.77069,55.331802
54.745846,82.05247
-88.42756,28.962204
11.146234,27.287796
-43.204372,6.9192624
15.846858,8.493729
42.594276,52.935017
46.41036,-18.988913
-62.207405,23.504734
-22.325542,23.182766
-10.701701,49.51724
-21.282581,-13.425626
29.921112,-3.3153949
-47.80595,59.244976
7.0162425,45.948425
33.1937,100.09201
-49.864124,17.688524
-50.170696,42.13887
30.081514,45.06784
-56.37338,78.54411
-30.601965,14.120219
-27.754913,-3.5972362
-0.34371448,82.06124
-58.94527,30.698183
-15.637455,47.752514
-27.363888,0.42106232
52.358612,10.008532
-61.60074,29.91399
-73.93564,51.68848
45.861496,-26.331184
-7.0220933,12.702074
-49.69329,76.92975
32.77967,95.11437
-2.8543391,-0.3007918
-58.401966,3.744275
-1.8398722,23.86633
-31.658802,37.463673
32.30283,1.811507
41.389637,32.184864
-36.40841,-17.976908
55.347862,-2.4534314
-25.169146,-22.623867
-9.5275345,25.961395
-48.20398,90.72331
6.7592654,45.953495
-69.412544,26.541613
-65.75096,35.225216
-56.25798,-3.8278537
-46.062244,55.74031
-50.41561,77.32208
30.691765,98.3245
51.74563,42.112556
42.85399,-27.58113
-36.729694,-17.698275
23.914448,65.511955
-35.487385,-14.124878
2.9928937,98.79443
35.488426,15.093135
42.57096,69.987236
4.7724957,61.742096
-22.178513,86.95166
-45.615765,86.43011
43.518333,21.718113
38.732452,34.991688
-42.823673,-9.069037
-22.269234,82.90768
61.805157,68.39254
20.14194,-19.55332
-8.213762,-15.176674
-32.628117,45.399662
66.43796,69.321945
8.139193,-15.460512
-42.746838,15.915148
5.491045,-15.858098
41.18161,3.2688577
3.8109546,93.63416
-65.698105,23.147566
-61.883827,37.53633
67.59317,53.55124
-74.67232,34.048912
24.829678,-19.065485
-74.33847,50.773457
50.099575,42.31164
-4.9958963,72.36374
18.461279,72.31596
-76.24542,52.352654
65.09845,34.00334
12.947024,32.966827
-51.348755,63.454456
52.45838,40.25774
40.596096,31.923077
35.48735,31.342646
77.31169,66.13908
1.6746185,72.03776
52.402954,-8.049938
4.957297,91.31817
-0.25376016,-3.3451731
19.265574,71.906456
-60.44343,29.127317
-53.115993,86.7357
-22.40447,20.079369
-30.046495,35.98431
-64.305595,60.338894
-0.10229591,54.335526
42.574955,91.136894
-17.173134,-22.598795
-7.415243,51.558964
-54.134518,38.64292
-27.504862,29.52683
-16.18667,19.729809
-4.329699,-15.972818
42.398396,54.458107
68.21685,52.55002
68.551605,52.375317
42.204144,1.4503683
-45.761208,58.70889
10.370733,13.744935
-0.30678403,29.047562
-31.388374,37.207867
-5.4926257,76.70421
-34.489338,-14.686499
-37.024982,-2.9819415
-33.581863,-27.239937
61.818146,68.07633
15.794226,-12.738969
36.60611,16.46022
-54.253193,48.669575
48.439415,11.66048
-12.714888,11.9843235
-50.014572,32.54637
14.3356285,35.812157
26.745037,95.91459
-54.96792,88.270744
-3.4109457,6.3055243
50.928288,42.47409
21.802837,37.736687
-10.639164,-11.00346
1.4355816,7.5360556
-46.63373,83.943535
32.882732,99.27756
-39.262993,8.978878
-3.3554113,84.79321
-48.619213,60.797955
32.684803,21.793726
49.955677,50.58255
33.529243,29.475115
14.266861,37.020462
-51.801178,16.07325
42.49924,88.16462
33.312218,38.771286
4.2156897,25.59318
50.237926,44.85574
-73.550514,44.823723
-64.672424,63.270287
33.397747,100.56792
-11.3092985,-12.757469
-55.433254,37.70999
-44.439934,58.236877
38.669796,-7.688128
23.100153,37.35765
10.087569,74.74059
-46.336613,17.381645
-9.76703,26.150248
-0.21183005,26.908043
-54.649445,88.16976
-34.056828,91.46607
-44.36825,-17.110336
25.57425,56.069637
32.695545,97.40332
24.470253,69.38799
-57.399147,14.120528
-22.639517,87.65521
-62.65625,24.48379
9.473184,27.680454
-43.859005,42.610317
25.742315,24.595972
9.369995,18.95603
-14.399026,28.526379
-5.39886,32.11283
-1.1596093,30.516926
-85.15158,38.2208
43.793476,21.838911
-98.56112,13.20608
-62.044304,37.788
-71.13934,32.09135
-8.368477,23.17839
-53.049896,53.165157
-20.788458,82.676125
9.160276,41.145046
19.73853,16.066505
2.722376,67.6498
13.687142,-7.1213317
25.821579,54.3864
35.596264,39.224995
-42.413795,29.87968
-42.254642,30.13896
53.080093,10.778503
37.996292,-0.3912096
1.4262608,84.8689
31.677357,95.67514
-38.4833,-0.9941509
-48.120956,90.67519
-37.956135,10.931868
37.87299,94.05512
-59.425407,3.9543266
-7.061583,23.990025
25.902096,24.516779
-59.466103,48.704353
4.6577945,89.88699
9.348058,18.758179
-26.65915,36.65884
-43.134983,-9.151083
24.774828,27.285097
-8.804494,19.163052
62.873085,35.617405
-39.80613,-19.745821
-20.279308,-2.572329
41.84189,21.16733
74.313896,69.10215
-43.340252,21.554834
61.91424,67.03757
0.41656774,6.0925093
36.914425,94.26087
29.142694,60.451336
61.558144,79.061386
21.252245,57.92964
-0.3591987,83.9704
41.674812,33.103203
-88.22973,30.629017
54.121296,67.70428
15.625503,5.5273027
50.88321,16.963757
16.710878,15.409651
-69.497246,18.079844
-20.815657,0.765826
7.1655684,79.17665
-29.626593,-1.875491
-24.16556,88.926056
-15.739578,58.317677
32.63282,21.76824
-32.293213,90.217545
-1.2455184,30.09591
-65.17718,3.4986825
-9.81679,4.527302
-3.8347976,84.73859
-30.74712,-22.858242
-14.128971,-11.510488
-39.03852,43.43515
24.505434,64.370674
-15.72362,47.666695
-30.015287,87.78396
-25.753082,24.289806
12.528166,-4.718267
42.400658,54.347237
-68.60319,52.84922
55.930645,-9.725515
-56.601524,24.83713
14.904329,-17.856808
34.847202,-8.105768
35.15248,25.41202
35.638153,31.280834
-44.147408,-16.829744
29.009861,41.536564
62.559246,34.018505
26.47241,15.528161
30.047583,98.51333
-29.65007,87.43398
71.830345,49.84982
68.47299,51.399986
34.025375,12.903337
67.91357,70.6354
-57.574776,64.11425
15.760728,-18.16557
-34.985786,93.50742
-52.99019,87.04999
6.337592,58.799507
41.32834,-28.461552
53.376305,83.084595
-49.687336,41.044632
-54.71483,35.482334
-63.10847,1.6706692
27.367292,42.275955
4.7807274,62.916565
4.9252257,80.864586
67.38472,62.29112
32.684795,1.8617712
77.15336,67.93145
20.106016,-19.600498
10.521692,46.451878
11.813218,51.624264
-63.659164,51.66514
63.037155,75.00244
-65.77817,17.293762
1.0530841,-19.969963
28.288649,30.723524
-0.5938424,-3.2907002
24.250328,-16.068037
-7.9558406,-10.8422
-1.5409412,-1.8442422
-82.23736,37.284702
-67.852646,14.408722
20.254698,11.017149
-14.241106,49.929546
-14.271426,49.9163
1.4570084,104.84266
-8.068851,16.685236
8.018061,-16.808023
-8.0785675,-11.219532
10.418123,75.93012
-29.679443,-1.8433081
9.930273,98.14086
-2.6301677,-0.99761283
-64.27007,60.5249
29.084711,20.049175
-22.108965,-9.206074
-60.52708,29.378145
-84.25758,45.048832
-77.64317,20.344046
23.951015,68.02697
46.853714,7.5596375
85.07849,56.915226
35.99803,17.91829
-24.918825,3.6017044
37.01058,28.869335
-10.414978,-18.545177
55.064926,17.701279
45.53353,-25.208427
-44.4708,42.322807
-7.843225,78.68494
-83.424774,45.154068
60.436516,71.44057
27.866653,96.71545
0.58723783,-5.186876
22.79993,-3.4643161
-23.384256,18.476807
-69.353424,52.77752
3.3456566,13.483799
-8.817357,24.752977
60.38341,70.878654
24.198004,68.43009
29.391018,-12.123387
64.06559,74.489716
-38.40513,11.014939
-33.076748,-8.416266
-9.774815,-17.869045
-33.81926,93.510796
-56.016422,39.724163
-37.37794,-23.580084
-1.0988934,23.607872
-52.4433,68.33702
24.204174,66.899635
3.9299862,14.235938
-34.498653,84.050865
37.698586,74.901436
-34.019073,-14.794649
26.661278,2.3317313
39.648926,2.8579476
-31.623005,26.505907
53.92315,68.31118
38.393982,-21.161345
77.47224,67.66223
-3.869228,6.02844
55.858273,81.20341
-1.7826939,-8.742136
-52.48438,84.51123
-57.21356,64.43206
-53.17581,62.843555
-10.663505,-18.837606
-57.4221,14.09611
-94.49502,19.142817
22.939257,-9.524011
-20.518553,82.58011
-8.201988,-2.014912
-28.727222,-20.273542
-40.078766,-1.1165845
49.62029,42.190166
30.566917,24.4208
-74.502785,30.424276
-81.41083,37.96197
-13.049256,11.268037
58.515553,69.97672
-69.00944,18.691639
-56.160416,-4.551585
4.3447814,65.29441
26.868711,63.339207
50.46088,47.98386
-55.48465,38.928337
-88.00193,26.111643
-29.962015,26.206045
-31.319292,28.336063
4.662325,98.71156
17.781368,-11.40482
-95.18919,19.173098
-27.783888,3.448385
-57.58029,-1.5544409
46.525475,-11.606777
-72.80611,31.244074
5.233781,62.95257
-62.99839,39.71699
50.785046,43.756668
44.08146,12.560465
33.655247,-14.423597
-67.96231,4.12133
-65.822876,4.2332172
52.543488,83.74874
-72.00917,31.549652
-70.58166,10.9089365
24.594416,14.142614
-38.735554,-22.741735
33.773552,28.92445
6.2788935,57.394123
-50.106514,62.49873
63.19137,35.67783
37.163265,17.968813
6.4369216,93.80014
-55.384274,34.48373
17.373857,-11.780519
-22.20199,-5.0154696
-83.895805,47.23805
-40.786137,-11.718027
-70.485855,52.307533
27.257566,63.594643
55.4742,81.47989
-13.89206,42.26706
52.745914,42.437405
20.117392,11.041091
42.717026,-29.161238
-76.000885,52.786434
62.758312,35.38738
52.152718,-1.4222745
39.28438,25.874992
-60.724697,74.853325
48.18126,66.027504
48.551765,66.545166
-41.874035,4.167083
43.009083,55.905792
-73.060524,19.700903
0.89622515,6.9753733
-44.001495,45.354225
9.277074,-16.029089
-20.791315,-19.108606
-43.90149,-17.495646
26.64641,30.619848
44.8158,-18.702396
-13.583855,-7.594381
58.09139,69.70385
-99.115776,13.343471
-54.76273,76.37852
-95.37569,16.56952
26.37558,42.885185
-94.270454,19.822392
-48.649315,88.59155
-46.381985,17.447487
-25.538958,-19.462278
-28.144354,18.11684
-16.3238,-14.755219
-33.49645,-27.27073
-25.992308,-19.781004
-76.044754,50.05243
15.484109,5.5232105
41.115753,93.00441
32.35433,18.349846
9.202864,46.83882
6.0690026,-16.01155
-9.803091,94.853714
-34.044514,3.095855
2.3251023,-6.6367292
46.209644,-13.466538
24.226248,-19.732422
-8.468135,73.58489
42.45749,70.16724
48.688614,66.65843
-57.55095,22.92047
22.796896,-8.851029
46.53444,-12.276504
-34.597137,48.787262
-34.496666,48.396168
-49.50038,16.758978
33.34095,99.0174
67.42999,65.657715
28.902004,30.730564
58.83944,81.239586
-42.919804,35.68239
-37.566505,37.071545
-88.16722,31.415464
-46.515,40.0178
2.5674098,-8.689731
12.700521,78.847275
-85.42159,41.285778
-33.165512,-7.3289995
-73.55281,44.70792
-43.498394,17.410671
26.11356,33.96312
-33.5255,91.39682
1.4928411,70.8701
-15.228868,62.706913
-26.410715,36.459232
-16.398134,57.332054
-64.41547,63.17774
58.006157,-5.4579554
24.806099,30.906952
-0.4478541,26.411987
48.005497,65.9439
-76.709984,17.38129
-55.200005,37.50254
-28.940857,16.374828
-82.70564,47.468952
32.86875,-2.102149
29.918587,34.837425
-38.82685,-0.98971725
-84.40013,46.525047
-36.63197,-16.987978
-63.078815,39.67035
-35.33317,3.4695683
-23.982443,88.87007
26.310762,46.546886
37.71831,93.933075
6.0785,15.143519
10.042297,78.74702
55.168324,-9.703842
16.12556,5.8129897
-77.10258,18.825817
30.314266,-10.83737
-12.158293,42.29702
-18.778088,23.857607
27.528513,96.3883
26.200563,2.5256817
12.200734,50.14866
-59.172844,11.477421
28.056204,47.779778
22.850735,-3.4106107
0.40052113,58.99612
62.68988,34.46639
-74.21701,51.356003
-34.93869,-14.412879
35.514244,13.012076
30.48397,48.375088
12.561906,78.55241
-40.031017,1.0824393
9.707088,46.181107
0.31172588,68.117165
38.87954,36.64971
33.070137,94.74653
13.100824,49.8356
-79.07465,54.953896
-49.78826,90.29368
18.955215,75.8125
-61.667202,42.889637
34.22852,-1.2096586
28.105635,101.11204
69.45088,73.94628
51.24712,22.393703
-4.865323,31.954346
41.176365,91.0996
0.2618911,29.62356
-7.78932,27.97739
3.316476,13.6411705
-54.471226,50.766502
26.098951,29.20275
10.567742,78.69928
24.594385,68.788605
5.397358,13.294943
41.685833,34.33688
-49.908573,32.217606
-50.70012,75.1266
33.55769,-14.391202
-67.83709,13.887533
-11.608051,-8.068105
37.56895,-2.372073
-7.56197,-1.4058951
-42.46489,17.051378
-30.84493,93.22438
-65.59912,3.96631
37.57064,28.059177
22.915413,-11.796281
-33.27311,-6.9260573
50.91864,16.932848
-48.47471,60.568268
-20.823818,13.883279
-15.439737,48.07756
1.3794763,6.9967985
42.74246,69.694244
68.44133,52.761265
-33.810528,82.56779
77.45256,39.98654
29.902046,49.747227
-45.324654,-9.303606
56.455765,-4.4428806
13.268693,-6.445136
-54.57852,76.743095
-17.072947,47.697292
-58.32845,15.722411
9.215088,39.951572
-95.00231,23.687983
-75.49255,37.038467
-52.748833,25.338354
31.718794,1.754002
84.336334,56.476585
-1.9819885,77.93321
-48.778107,61.072815
30.019405,59.394978
-33.53962,-15.283256
-59.6077,23.104338
9.273447,56.151047
-10.968229,-18.794905
36.124615,17.920202
-9.688472,3.7402854
42.211777,89.95645
35.13816,6.741554
-50.47515,16.533978
-30.065075,13.017868
48.16146,-17.71625
5.6695566,59.144283
3.7468543,24.758533
-31.113705,36.77493
28.444128,13.57724
48.30267,26.396307
37.52279,1.2853752
-45.394283,-8.724212
-56.112946,35.782738
-49.55505,82.80458
-72.723854,20.505455
-11.101269,12.141029
-21.655422,16.31954
23.513487,43.89527
-43.567158,36.210373
-19.363861,-11.602706
-35.452213,37.237263
23.995522,65.197334
1.665979,-5.2167363
-59.92184,48.602207
-42.103268,-19.058842
-9.62503,-1.9920882
47.9084,9.908158
17.207355,50.666443
-38.84756,9.7067175
7.1028957,80.05694
13.333507,97.05714
36.987022,28.860418
86.58022,54.423153
-9.603353,49.79998
-7.8055997,27.973442
-46.398468,-7.909029
-9.225414,-2.0409167
13.592889,-4.0268345
45.771576,-9.81605
27.497168,-10.90536
-73.861084,48.077713
-7.6401267,51.77739
-40.267147,-11.490243
55.324917,-2.2998006
-82.95506,56.203926
47.32213,21.145063
27.271273,22.78381
-39.514107,-0.5220932
-60.909126,63.152237
-28.903244,16.246275
2.1060297,5.163686
53.080368,10.6634445
-42.477634,-8.821016
52.383835,40.036205
-36.77791,-24.125916
-22.140245,86.79943
-28.298626,18.53394
38.230427,74.90096
33.473053,29.951288
24.726381,53.97315
-41.119728,-12.710752
30.563866,48.62592
-73.37464,28.858242
-23.76408,18.435566
29.287117,47.302784
29.37084,35.033863
0.9098515,-4.6366982
1.4750991,-4.2022815
71.14289,76.77249
22.738451,-3.4622014
53.668262,40.381542
-42.40387,37.324757
15.189073,-18.33329
-34.844658,-18.545965
-53.694122,86.691055
43.456684,13.146524
-9.161653,-13.989857
25.277231,63.969395
10.350732,58.008835
-41.829746,-3.5261393
-76.88562,17.988024
-54.483955,87.97954
10.576188,76.6643
-33.393806,83.969955
78.21577,60.068512
-10.140789,94.62818
45.038387,-16.124887
34.37158,38.44955
-31.71138,-23.60821
-41.82026,-3.4860203
-49.28771,74.9611
65.51137,33.05708
42.148308,2.628566
21.281303,78.182976
42.11808,1.316891
47.95456,25.640741
50.848618,47.000896
-31.23409,-23.20803
57.728256,-8.286663
26.533978,101.303986
25.94912,54.105103
23.126507,1.9372897
-60.48999,62.839363
20.674177,70.36722
22.872417,37.429893
-9.959336,26.307564
-1.2875099,30.109009
20.366646,18.3304
58.605106,73.51328
-91.65287,22.284863
-32.344105,87.50897
86.25668,55.117214
72.91369,27.58931
-34.789227,93.60773
-56.74303,69.33122
29.692722,49.491642
-68.834915,32.626495
26.625792,27.775911
6.7269173,59.213116
-93.4868,20.4863
-22.125195,19.875467
-28.346266,18.998987
30.90281,34.009464
-49.933502,32.894005
-9.842438,4.579691
-9.783273,44.750607
-0.54832995,82.827774
-42.66397,85.620094
68.9261,49.854065
18.318213,60.158577
-35.278408,35.99505
-96.08959,13.70986
7.90162,95.1716
-63.738693,54.494583
64.968796,34.3291
32.102936,98.56939
77.9006,61.222412
-40.217747,19.548443
-39.454647,42.193165
-14.715331,-8.760375
-48.069027,75.54028
12.524303,47.357933
10.707125,-16.433178
-10.650597,-11.192135
39.177258,94.384094
-39.932354,20.790014
-82.87365,54.764614
-51.57615,63.767815
10.482375,58.146156
-57.547523,-2.9443958
-60.059757,43.170494
-43.607117,20.90722
-14.02984,65.920204
32.16358,37.696312
86.2727,57.484486
31.959146,95.739746
73.13612,27.819178
36.93392,3.6137164
-60.67436,75.03378
67.28717,62.808773
9.695785,78.0559
3.2711823,53.525043
31.040426,34.512707
-82.89395,55.93793
-35.370716,4.2345114
30.753801,25.0497
-31.228174,-4.040126
15.367019,6.5355453
-23.780249,1.8292317
-41.289043,3.1699457
-1.5224622,83.24138
35.176506,6.6349783
39.003777,26.151194
0.7214326,100.555046
28.759813,2.3507378
-5.5067763,9.722582
23.47254,68.13192
-58.701767,17.422588
-61.05544,29.34364
-85.418304,41.92982
2.0693455,-9.383479
10.318277,98.75764
14.575576,34.586414
8.881202,-4.7258887
-70.55528,10.938542
35.15283,6.679083
4.247634,93.8107
62.65218,78.74796
42.867832,13.72744
-25.889223,3.317821
52.727863,83.60385
-32.90453,26.253702
-95.93905,22.648224
-34.11127,47.007507
-31.269045,13.895044
37.91804,0.35245475
16.784233,15.424838
30.328596,20.204634
-44.266777,6.945613
-11.015345,-8.246209
21.584095,60.44857
56.223,81.15176
10.073047,74.394325
30.440311,23.876251
-97.39712,13.12548
11.493534,26.876509
-1.0079249,-11.135475
83.87207,58.308186
-73.15957,29.022997
-5.1931005,71.1872
-31.552683,13.844467
-28.263777,35.652916
-97.24772,13.034072
-46.33123,86.77814
-62.3628,40.939632
19.498331,-11.302401
18.173029,-10.522879
-39.832344,43.21956
-68.87383,26.188631
-58.111607,18.201279
-31.320845,28.401312
-8.04696,16.766226
46.32186,-27.148571
84.81531,57.49581
57.79187,-8.291941
30.227777,45.89111
-58.70108,22.19876
-59.024494,3.2134635
47.40964,23.623133
-16.198174,-14.84768
40.95676,90.74194
-96.93459,12.401446
43.28676,13.330374
-96.196335,22.356873
-62.919296,26.978111
-85.067795,38.113297
-0.43523425,83.437904
64.52598,74.2032
-12.817805,11.118149
23.083454,17.799868
39.46608,92.091835
73.33884,28.19609
20.358335,37.738125
-65.80601,23.065716
-58.818325,30.81102
-42.540478,85.41063
-9.372339,71.6123
50.175793,51.99863
64.482086,34.882267
-12.86269,41.793083
19.722242,71.354256
8.856356,-21.883108
32.506268,95.809006
45.609875,-25.637321
40.934303,21.351091
-84.05267,53.811794
38.17155,2.691526
35.396866,39.182957
-20.91837,0.50615984
-5.1453958,70.90386
16.584143,76.67336
-63.454357,7.3341975
62.056007,78.524734
21.446507,59.67452
-85.100464,52.80392
21.253456,1.684735
53.78203,17.038742
1.889066,68.91667
-39.93895,8.615899
-69.70806,16.69743
-1.0540522,84.07325
27.961546,42.90891
15.806024,-12.660832
80.34081,41.06893
29.281782,57.779575
-11.584274,12.045777
-20.403076,19.910912
-48.180233,75.400444
-42.35695,28.267887
-56.295124,24.935297
-56.80899,63.825516
35.95054,39.30953
-63.435623,8.237873
15.189916,50.04804
13.123929,-6.267388
31.86755,18.715704
-10.260019,-8.386605
18.609238,78.24173
-5.6175337,10.000488
33.03261,58.499897
20.75088,77.86139
8.544732,98.0528
1.829935,102.18327
25.742945,55.904427
17.300472,64.90687
25.397377,27.490086
-54.99271,25.553446
67.33601,62.685493
23.790565,15.408614
-45.619663,85.34166
-14.084335,26.286264
-50.565945,77.4136
52.406322,25.160006
-60.78128,1.1976186
-45.809807,73.607216
-12.576581,40.965343
5.8805633,14.40939
20.85303,10.915387
1.9035034,4.741461
28.672848,3.6205406
-9.835877,4.4787655
27.863247,47.237766
-25.131,21.268372
13.352796,30.168907
-44.417366,-17.36308
18.238022,60.125134
27.389582,16.994017
-30.74393,26.39045
6.185603,14.964146
-48.93564,30.159834
42.275715,88.79842
-23.664577,22.45915
-0.77691627,-21.025156
30.600382,59.52785
23.741896,-14.389591
16.090357,-17.066118
28.61811,3.405773
-85.39696,41.289932
-31.280724,93.20172
-22.05634,-6.1697407
-8.618504,-13.070739
-36.572594,-23.8483
77.10006,65.98351
13.76303,31.26366
59.75718,76.94136
-61.842247,42.332108
-15.990795,-9.456023
23.170223,43.801422
47.615498,24.623997
-0.5707567,66.99182
10.225084,27.669306
34.50733,-8.248596
-33.037224,26.197426
-92.569824,23.07939
-55.695232,25.279634
-17.690544,-9.217316
-41.849636,-19.264116
13.33034,37.96046
15.897478,5.421403
-40.143208,21.184885
11.880352,51.511276
54.694195,17.485453
-33.925735,45.086723
-9.586476,45.22808
-60.73284,74.86087
67.73573,55.512997
-16.294472,20.597332
-4.856441,76.20933
42.115902,2.705268
51.25334,24.298174
17.314545,50.696613
4.6720204,89.26556
-49.13152,40.881584
-30.116858,13.187975
57.28247,-5.047808
-46.92242,77.04566
35.51164,74.683136
-95.538895,23.508131
1.7013359,62.118683
-43.569824,6.901132
23.515549,-21.062119
44.217396,-15.774597
-76.37633,50.124233
25.391094,55.314117
47.15863,-26.123379
-50.632057,88.54643
2.8826764,53.970943
58.60444,72.3893
26.679676,55.97611
-35.72626,-15.595636
4.0804386,53.26737
46.284607,50.985382
13.50212,-5.2620096
-7.7604795,52.659557
45.051697,51.19179
-52.92074,25.536808
11.478127,-18.437708
16.506691,9.097246
-79.0226,54.94646
-67.30539,52.746086
26.374563,101.12763
-11.180922,52.72238
-26.0724,23.693516
-24.153004,-19.22662
10.384826,57.742233
-0.48871908,97.31512
-27.48707,29.588465
39.70374,75.96515
20.183908,70.84203
-94.43575,19.40364
-69.86365,32.463924
-33.78332,82.52161
76.49779,41.383175
13.144959,79.092926
-21.910772,84.03227
26.72897,-0.07371904
29.206488,-11.46973
-56.65141,-4.181789
-56.32927,34.87292
-44.97636,58.819256
0.73522604,-20.346546
-75.793846,36.604088
-51.055214,75.18764
-28.55825,-1.6863754
14.788007,58.722237
-46.622185,72.92151
35.949936,74.035484
45.383255,69.44202
69.480774,69.6046
51.301033,22.028627
-82.35406,46.280106
4.77126,12.608349
-42.43211,28.520832
37.77101,35.843765
14.202711,50.2379
-65.648,35.630695
-57.60454,-2.2834306
28.168774,13.775128
76.5999,66.27192
31.722813,59.13519
52.839134,25.571281
32.88294,13.551387
-35.012943,2.2844887
-39.64234,-22.645273
71.10431,76.70512
-52.808186,16.0086
27.42298,14.54005
26.815203,42.792885
-14.412026,-18.898485
-22.110695,-5.3216567
-0.12478716,97.62306
21.364119,29.931831
35.044678,25.224783
-1.362188,-21.10865
3.7021205,84.725006
-42.54386,-17.969805
-58.968037,22.409193
-57.65277,-3.3123045
21.154211,10.752816
-62.698513,24.598927
8.936958,80.613884
14.788339,58.72224
41.688774,34.06225
-63.403305,7.653524
86.902664,57.385185
42.03488,89.603676
76.08911,67.09911
13.45966,-5.1291037
21.392466,-20.088268
26.51944,46.65794
26.47372,101.29454
22.11503,43.48364
26.36242,0.64017576
21.283976,58.570095
-52.46438,86.284935
-61.75073,28.361742
-63.915245,2.3746061
-67.99319,4.1135807
-81.467186,56.391224
-25.246536,-19.253462
51.516727,73.3945
18.468561,78.83949
21.467495,-19.991983
53.371243,-6.757751
2.5490913,67.96417
23.597912,-13.867921
50.726147,47.200035
23.780367,16.191954
3.8744786,-8.673471
68.28537,73.669586
41.85962,-1.8729922
-12.927905,55.970707
-74.42806,51.383026
9.089169,-17.282753
-58.514107,64.03614
39.676876,2.7801013
27.096985,3.1494615
-68.92591,12.634317
-16.56252,-9.139738
3.9841132,-8.592056
58.62135,72.59063
45.03126,-26.727077
1.6736835,105.40188
30.75784,-3.3835607
-58.120464,17.29089
12.23135,50.692295
-8.686565,72.894455
-10.480659,20.068449
-9.404705,20.296614
-62.957706,6.8766656
61.26772,76.99388
-45.111107,42.472057
38.360535,75.49228
-36.985443,-3.0470357
49.096233,10.638333
29.70115,20.329384
54.119114,-9.112702
-62.664944,1.3459309
28.41446,47.69495
-35.637474,37.461334
-22.79367,-18.953917
4.2438855,86.17697
38.49409,26.868942
-46.4595,-6.915204
-13.982786,-18.832397
-20.334356,83.20055
47.215103,23.483355
-72.76297,30.983006
-8.8087435,19.092798
-50.137768,88.741585
20.381083,16.91814
40.88812,21.338837
0.5125443,100.48816
26.46006,30.775826
-13.867699,-18.668753
-32.127983,92.954445
27.332851,54.615242
-15.200739,-11.195902
30.003607,22.135057
-52.742306,53.796597
-91.8838,23.527346
-29.287357,26.11456
21.047047,-19.721344
-8.697039,22.57867
-40.009796,-22.582045
59.81309,77.50278
-16.915512,-14.30511
76.454575,33.346775
-18.407276,19.333408
3.907773,25.170036
-27.308233,30.387861
-88.30229,29.811333
28.610292,61.056797
34.156242,38.615913
36.777885,3.584458
4.153196,11.392548
5.52802,80.65765
49.991776,48.906868
33.20279,-1.2373089
-31.545874,88.7654
10.142408,73.813194
-39.683075,0.27346817
-21.227718,-2.7943656
16.803991,36.197655
-52.481827,24.731974
-84.560486,45.39505
-81.234825,56.872375
-11.0050745,19.972454
-34.271503,35.837
5.271229,64.708244
30.2918,23.02063
2.7629447,22.377779
-52.116356,87.408516
-21.152756,-2.4939682
38.87041,-21.162994
-34.2978,47.592148
51.013897,24.482492
-29.65774,12.119994
-51.296646,16.124447
-1.593889,-1.572218
13.228099,97.813065
10.709335,46.454876
-28.398346,-1.5665511
-58.86806,10.669166
18.20196,77.18992
-27.283957,3.4761515
-58.167973,16.711914
-68.713165,32.54594
47.00948,22.544235
-45.98854,83.24184
-21.605291,83.43795
6.0350394,45.672676
-9.771702,4.9714518
35.634243,-0.052303925
53.173443,10.609326
-6.058564,11.205654
-38.56849,11.315886
-32.28898,45.528828
78.55476,42.790653
-52.802643,53.669365
-13.777176,66.41792
1.8032371,102.418304
-15.852738,19.28503
-20.1153,20.39676
33.050034,-1.4803895
24.182003,64.967995
-6.08383,11.09934
-69.13621,52.87673
-77.17377,19.177721
-33.889908,83.9387
9.32227,18.301975
-84.83289,43.914055
-15.201307,63.85406
8.781249,-4.748202
-20.785673,-12.484777
-15.159579,-10.401266
12.906427,49.2501
15.458674,32.748764
-88.04584,26.18906
-54.965904,48.496796
-60.93193,49.23299
-56.719265,78.55181
-20.650467,-19.627384
-43.9178,37.404476
49.983685,49.626495
46.56327,-11.86616
78.1108,66.71593
-21.318462,-2.5545044
-60.036953,4.4904327
-27.60649,-3.7350388
-75.980156,35.93748
58.84685,81.22151
8.689272,-16.947355
-47.69248,27.258926
-15.182278,61.7487
-69.37807,26.501595
-46.49421,40.08152
-40.16076,19.735737
-31.99011,89.514046
-6.582481,74.358826
14.1933975,97.853546
0.9553616,104.86706
1.2829766,104.76489
50.12638,45.329006
4.7822175,90.369774
-5.237083,76.46744
-68.463005,17.073103
42.665314,-28.233833
-13.534518,-7.6989493
30.638884,-4.496894
-22.063986,12.034421
-21.526377,12.417023
11.612954,-14.127788
21.037828,29.757526
22.16196,15.39174
35.031094,13.794346
46.236942,-26.28735
38.694622,-21.191236
-32.211388,89.828735
0.3257478,100.34715
-47.641212,28.359304
-31.976753,88.57494
14.4444,5.0441256
52.468407,-2.23996
-18.820297,19.106056
29.371428,-2.9750857
-64.628525,51.886765
10.344182,-17.131182
-84.31574,48.88292
26.260141,66.161964
78.077576,59.52805
9.817048,57.07814
76.78366,40.44552
-6.5463967,-0.55489725
-44.59474,38.913902
6.9921417,15.881569
21.31078,-17.347713
18.30456,77.20769
12.225282,49.089077
-72.88462,20.08643
-56.653107,37.001858
-33.392593,-6.5650215
-34.94197,34.30498
35.81979,-7.460682
24.159744,-15.863817
-17.116522,-22.619698
54.63592,-9.555335
30.086407,46.503765
-22.563204,-18.877708
-25.391165,89.247505
-12.990808,11.67989
72.47976,-25.249468
46.21992,50.99651
46.95966,7.863448
1.1014447,86.31021
45.350727,-16.113882
51.082054,72.177025
-14.086227,26.300085
-68.72708,16.48163
-0.043422375,-9.455127
-51.958023,63.56454
51.155983,72.59845
-63.352825,9.988141
-73.54953,44.996826
-48.278084,88.396576
-26.214615,3.8953285
-56.25206,-3.1230059
47.14982,70.29171
1.1475432,86.142006
10.699415,-14.049649
10.250462,79.523476
-62.19841,43.346577
-41.208984,-12.9061775
27.641516,17.299086
45.988724,-18.53703
12.735184,31.29075
27.066479,4.3711405
-4.7154427,-13.1899185
-64.07668,53.47901
15.126842,-5.5892725
-30.984592,-21.402296
2.390789,52.89557
-34.37437,91.71907
-44.696545,87.75195
20.03621,16.425129
39.189342,36.01175
-43.255795,21.496841
-1.0284791,-9.084084
67.45475,70.35627
-43.18547,85.84731
22.070467,19.241108
22.947271,-9.926656
35.696724,15.021345
10.058912,98.502785
41.3805,-27.473572
37.7528,-2.2602997
0.42810005,58.535934
-53.90659,38.834305
4.3127995,86.4454
70.505264,47.899887
70.56518,47.76766
71.20043,76.95347
-1.067323,-3.538207
2.234119,63.76611
50.82373,71.83001
46.04626,11.850678
8.719391,-16.623383
52.626087,25.362293
-58.724106,-4.5258584
-62.34769,27.36721
10.622611,13.500571
3.3613067,54.57478
-45.283257,87.20489
-9.9948845,12.270646
-49.35446,82.6521
12.276913,-14.290418
-21.618904,12.313891
25.76061,30.850245
75.617134,32.196796
13.595151,30.538092
38.77191,35.908764
-95.451355,16.345158
-31.026218,-19.79482
-68.63663,19.916246
21.520683,1.8876278
-48.519062,85.17828
0.39084023,59.225384
33.4786,97.0352
61.94339,67.48246
-5.602464,32.91571
70.34455,73.382454
-62.69742,62.87301
-9.053419,95.40316
-0.13495229,27.068329
17.258785,64.86465
-0.9237172,-10.931045
-30.701807,-22.82477
-68.54197,20.064577
-46.663975,-7.766371
13.369749,37.89668
19.392115,71.65497
14.74941,-5.207208
-16.747887,56.66026
78.58599,42.859978
-41.659557,7.2673054
-21.867418,-4.280664
27.81256,-11.037693
75.176506,68.49398
0.3054369,54.994465
41.32412,34.87697
-14.298431,28.524536
-18.702642,23.821302
2.5595257,101.69304
-72.288925,29.754684
3.2610033,23.326662
-47.242058,28.601063
41.2232,92.85215
-58.882607,10.559243
-65.50628,17.415138
-43.981655,45.62993
-33.854534,46.28351
2.171481,5.5905313
-55.63382,78.19454
-8.105636,-15.4174185
33.094677,58.463737
47.354263,9.090959
-28.30835,36.19366
23.09534,-20.307875
-42.087223,15.709502
48.426277,11.354744
-18.941793,24.086355
39.368156,75.79159
-2.2476025,23.734938
-25.35342,19.219734
47.392014,20.650698
68.01772,71.40549
4.642822,84.03455
-7.851319,52.93219
-54.434284,76.550995
-25.102957,3.411219
66.77427,55.623817
-24.940493,24.114248
-4.5877104,-13.1600275
-20.780092,14.207447
-45.06989,59.783688
-24.126091,2.0457864
1.5618064,71.377716
-11.557067,52.61676
-0.2726913,97.51673
-88.2767,29.7568
8.000421,80.50351
48.100857,-17.769821
-95.857704,21.958914
12.7669115,98.043304
-63.850273,54.184185
-59.244823,11.955463
42.31897,-28.542782
8.838789,-21.869001
3.879861,63.96514
31.047434,33.958527
6.1712356,62.93595
45.82958,-18.220032
-40.15527,21.380198
-34.90056,34.34776
45.788246,22.624964
78.16599,59.925613
-25.172705,-22.605927
3.5707784,93.54664
52.07606,-8.106311
17.40256,-11.446913
8.658523,97.91981
24.452799,43.59224
4.630324,99.13269
15.92121,-17.453812
7.3756685,98.30983
27.771812,55.630604
-46.01889,86.16686
39.025845,74.810875
36.175537,73.83632
-60.272186,61.88147
51.67663,73.68184
-59.011288,3.2883236
75.687706,32.40059
63.45815,78.77785
-29.174524,-20.430826
25.51433,63.86349
-95.14361,17.324345
41.908817,-1.774018
-12.640368,55.344025
-12.693063,55.437504
61.07052,69.2774
-17.343565,-11.408021
52.841805,42.487705
40.334812,-28.713696
-13.957458,66.06979
46.508026,6.780801
14.946566,33.941418
-26.854834,37.03081
7.4314466,78.23967
-44.49171,6.9389358
-35.016838,2.5227659
2.0349367,69.45584
-0.76661724,66.73753
27.852367,54.635147
-52.587822,48.381287
-35.363506,35.697468
-59.769478,1.9893688
-20.972176,15.318318
32.861397,-9.542606
-81.89283,37.480213
-63.944386,61.601315
3.0521777,22.781881
21.392637,2.519705
-35.582676,-23.844587
3.981883,99.68141
7.644967,77.576355
-47.659447,26.960442
-31.211384,93.43245
-93.63477,19.679132
2.75423,98.52732
51.968735,69.33944
-59.02697,11.139256
21.20434,57.64893
-62.366646,43.802826
24.196014,14.685024
-60.712944,47.715675
-54.527134,49.250107
31.131876,19.736412
67.584274,73.604195
66.93129,69.99382
53.312325,-7.0489435
42.4466,-29.978905
69.762184,69.45445
-13.375696,46.271175
-11.754489,51.929024
-12.55146,41.8886
-19.34157,-11.576511
-75.399704,37.202183
-0.2789855,67.49906
43.43074,52.05744
28.978046,41.68772
1.971552,106.68699
-82.62179,55.55089
11.820706,78.21997
84.25851,57.94768
-75.60763,52.954105
9.209389,39.895664
39.287724,92.08163
25.894863,53.12769
-42.45374,16.372509
-53.831646,63.89
-34.484283,36.465145
4.0366964,10.872427
-63.40482,10.191549
-5.367979,32.2121
-16.965414,47.711754
-22.096663,-9.305633
-43.254463,42.438774
-0.6325271,-68.29865
66.95166,56.366722
68.060135,55.81502
-26.276697,-72.722046
82.101776,28.497442
-81.46677,-19.1799
-78.132256,-62.30939
-79.37283,-18.034216
-73.057304,-9.907879
87.4745,-36.281944
-73.594246,-17.314978
-76.188126,-10.58775
93.795784,10.973942
-91.97055,-12.262041
-75.38099,-22.111336
-32.538445,-96.062386
-21.927351,81.519485
-68.29752,-18.444124
-70.520195,-11.99412
-78.86919,-43.300644
103.527435,9.707095
42.829453,92.10924
-91.55258,-22.00855
-68.71724,-12.888995
-76.30917,-69.040955
-87.010445,-4.4193196
-39.637955,43.528477
83.88606,50.233204
70.799225,68.72058
6.2362895,-52.895523
-81.82062,-17.949675
-71.00711,-57.28127
-89.31707,-21.67687
-82.117256,-61.534874
109.05561,9.112434
1.6857713,-86.71242
-72.32019,-51.106472
-72.14731,-28.709763
-86.00383,-41.417137
-85.272606,-40.269623
-93.16723,-19.619625
6.4128428,-53.774975
59.098297,-73.79027
24.634361,-91.503174
-44.810524,-41.734604
-57.854317,-26.853106
-42.297104,-42.5678
-9.16381,-76.22371
-86.28461,-33.942947
-57.53554,-27.183844
-86.39349,-34.03979
-84.06589,-34.859104
8.410969,95.72092
79.26749,-31.254576
-78.24948,-62.477856
-94.65932,-16.47075
-38.543087,-86.144684
-21.94343,-62.299297
85.159096,8.948481
-74.76556,-52.346523
-91.39813,-13.407983
-78.840935,-19.00919
-83.91449,-41.523693
-79.134254,-66.48976
32.620884,-68.23604
-77.983734,-15.4397335
-6.991246,-35.791824
-31.961561,-70.98136
86.28321,55.22275
-86.62941,-40.139606
80.49354,40.487877
26.95487,-83.874664
-81.2908,-43.751247
-83.939606,-41.17354
103.38809,9.762151
-77.34027,-29.941856
-82.4445,-41.734314
112.594124,9.743738
-71.993935,-40.421135
-67.89573,-20.04294
108.96913,9.120996
-75.757614,-25.4074
-81.10515,-35.178654
-82.96524,-21.664371
97.63821,11.953491
77.744736,68.692154
-54.825836,-24.342186
-90.95741,-21.482246
-74.01765,-53.47824
84.052,13.082057
83.40234,50.255047
14.987195,97.48879
6.992805,-39.665276
95.52198,10.584016
75.83245,42.72397
68.20413,51.06091
12.690738,-36.09237
35.07006,-71.30236
83.749374,36.21793
-15.189528,-87.10705
-91.04639,22.858019
84.00368,56.48149
-77.63214,-14.828591
85.39855,12.4223
94.15331,10.841696
66.784225,53.485424
-58.65891,-25.864027
25.329313,-90.612564
73.76893,-17.646196
-75.67241,-9.647983
88.72851,8.536841
83.5802,7.958788
27.794106,-45.655685
47.066284,70.02135
-75.35997,-67.90505
95.48485,11.863118
-75.125435,-44.62385
-78.016525,-37.394466
-92.49137,-7.5497937
-76.75012,-24.580984
84.6527,12.802755
21.601156,-41.889507
-92.21732,-23.336891
-88.70118,-21.826286
-91.660416,-10.619897
56.94323,-78.9074
-66.72605,-13.397021
-93.07688,-25.214052
-93.953514,-20.511219
72.66882,-26.714539
25.88156,-91.06988
95.76488,10.8283825
-19.349468,-43.648624
-75.80547,-9.150264
57.65677,-77.74149
-59.10903,-23.901054
67.85346,-67.65718
-68.910835,-12.804966
12.238218,-66.990166
-73.28503,-53.939842
24.311808,-92.0222
-73.808,-28.317232
88.52069,34.835625
68.0832,0.9376361
-75.248535,-22.042242
-78.328865,-46.575554
-75.81701,-69.17293
-55.058273,-24.728142
-71.102844,-56.730175
-78.06669,-46.785973
104.1722,9.466529
80.2325,41.12415
83.78212,13.592043
83.279305,36.688965
-93.17336,-19.464985
-88.12809,-4.442149
-89.91964,-4.932212
63.027264,-27.130625
64.37982,-52.657818
-91.69143,-12.58765
-60.26307,-22.945738
87.92069,10.306011
53.05654,-60.51722
-75.64061,-6.249855
-73.19532,-18.129183
-82.551216,-61.359753
-79.01801,-17.708344
-70.215,-21.740232
26.22638,-90.10295
33.078617,-68.887115
31.910229,-37.81392
25.215492,-91.079315
-91.545074,-21.962677
-54.79516,-23.763136
-76.31509,-54.962605
-32.170525,-95.5039
-58.77793,-23.77875
-71.97994,-40.382805
-77.03435,-29.741228
-15.337447,-87.21823
84.19713,-51.87632
52.065517,-55.909847
-72.10574,-40.810143
-81.46682,-36.047905
-7.8005257,78.71899
83.12788,13.44137
78.31415,38.615673
-72.896095,-18.526968
-20.379768,82.08461
-66.09947,-56.17201
-26.258333,-72.06397
-54.02903,-26.982256
74.22873,-26.58548
-54.92445,-27.5539
-76.60473,-7.1437144
53.80654,-86.25851
-52.10219,-84.94952
82.124374,37.527294
86.074196,55.29429
6.5539975,-35.14063
-82.99484,-22.517538
-28.49028,35.557083
-78.02324,-67.99689
-72.246086,-10.586643
-81.008194,-17.43214
-80.21423,-12.491406
66.53185,-64.52376
-8.480713,-57.645603
25.651297,-69.05762
-91.72302,-10.659096
91.517456,9.455102
91.061966,-37.618824
-74.066185,-7.9561048
66.56589,-39.006657
-74.45526,-66.77349
-91.37723,-13.082414
-94.56008,-15.882224
-83.37418,-38.839214
-78.87343,-66.40957
89.28195,9.057542
77.85653,39.844303
-77.21239,-14.121441
51.340706,70.18139
-51.947163,-84.97123
-81.38314,-61.966812
-55.24488,-81.56627
-70.888016,-11.7169695
-58.687744,-25.08196
-25.124712,-93.138756
-70.40407,-58.841198
-91.653885,-19.184372
79.58323,42.245144
-78.438835,-65.392334
89.32937,8.088728
-79.46364,-18.503698
-71.85272,-19.819178
-10.241804,44.864403
-11.05416,48.601818
5.8167257,-86.2365
88.04893,11.787192
-77.05115,-6.453831
71.86503,49.811443
42.733093,69.51821
-31.651047,-94.138985
25.791674,-34.3999
-89.22916,-11.310021
-71.73961,-20.047945
-74.12163,-6.80243
-74.76431,-52.096558
78.10494,60.452465
34.847206,96.63237
-41.7958,-42.147377
-84.13612,-34.587532
87.94087,11.764967
77.45328,39.609848
-90.668495,-11.282202
-54.61021,-27.5064
-54.96556,-24.671797
-92.65934,-19.651093
60.38041,-69.8825
-42.763084,-76.83382
-94.37778,-15.111617
-83.0198,-22.140322
-92.415405,-6.304092
-76.64137,-13.391616
-77.37708,-14.314226
-87.32554,-33.284225
-90.9605,-5.4589124
-89.9696,-4.9348326
97.29274,11.778324
-72.01566,-51.178288
-93.61538,-24.992514
-73.71542,-43.87223
-82.03357,-41.550316
-81.41609,-36.032104
-80.06354,-44.93672
-4.242086,-41.771294
88.605515,34.804497
-42.73065,-45.73693
-14.382728,-86.43869
-73.64215,-17.296412
-0.7263339,-68.551384
-76.944984,-29.715385
-83.0699,-60.934174
-24.369835,-75.44118
-63.987858,-34.85668
95.93571,12.234022
73.74219,-17.690111
-83.845375,-17.357792
84.87266,8.834676
-12.924128,-40.559998
-54.124138,-28.823536
-87.16405,-34.33655
96.18999,9.711325
103.42303,9.756258
6.023122,-65.16946
-56.019035,-39.452755
31.295692,-67.32558
-94.02557,-25.003443
-80.99794,-62.13245
-53.87179,-29.230745
-41.621696,-44.34211
79.67541,37.979652
-85.92493,-40.590378
-78.23721,-37.62095
113.60113,10.002187
2.0259502,107.080025
-1.9085693,-40.55535
-45.64734,-41.54365
-89.419106,-16.940931
97.35348,9.092062
-81.73209,-15.067608
43.87606,-43.431995
84.038155,50.218822
71.41762,68.057495
-21.280123,77.154655
-42.276623,-42.361256
12.574853,-36.061417
-37.754997,-85.89573
-92.76676,-25.54187
-92.38013,-25.826391
104.81171,8.773678
-70.19502,-58.634758
34.899746,75.03089
46.3694,70.65865
-92.51917,-7.5074906
-92.368935,-6.221136
-74.91611,-66.78587
-76.42982,-55.054207
26.506073,-38.989822
-68.04098,-18.393429
107.60475,9.174741
95.403885,-31.06321
-74.85228,-66.41262
-73.41423,-29.792805
95.02616,11.538369
90.7853,9.345164
-73.09559,-28.336252
-69.40886,-21.332155
-68.33595,-17.69789
-83.07918,-38.715298
-76.61108,-68.91954
-94.92937,-23.318405
73.528366,28.188948
-72.04357,-30.058067
-82.38581,-61.337723
-89.424675,-4.2846413
-59.75831,-54.57594
-67.15353,-13.016082
-79.59734,-59.834145
-7.332248,-73.22918
-77.11122,-65.578514
-83.18534,-17.127476
71.0661,-39.445564
-44.161613,46.147312
-74.414314,-28.061817
-59.105537,-26.341228
-74.168724,-6.543159
15.191207,-49.56154
-75.01596,-6.2071834
-76.04977,-25.200912
-77.35949,-45.934067
26.465912,-86.354
19.019579,-51.802677
107.724915,9.169034
-80.4013,-12.019656
83.643814,13.142031
81.37879,-47.686928
-72.571594,-28.822865
-21.321804,77.20963
-71.817505,-55.513123
-89.1737,-5.1722274
-81.9616,-17.414732
-68.962875,-19.287376
-70.09062,-21.721888
-82.668594,-41.57717
110.19452,8.955073
-59.101826,-22.933949
-45.078472,-41.67122
-3.9315672,-81.93466
-79.428795,-45.128723
27.839983,-70.281006
-84.355316,-33.548534
-95.371315,-23.237967
70.19097,-17.327623
26.07346,-58.632435
-22.124346,80.34381
-80.440956,-13.01047
-94.4108,-15.210653
-78.96978,-44.337406
-77.099144,-47.985405
-72.66561,-64.89118
-84.4326,-34.679234
-60.306824,-22.869423
-78.09342,-65.55369
-73.23233,-9.448292
-80.94777,-13.65959
89.38592,9.078681
-81.19356,-19.867031
-80.517166,-13.144935
-30.827793,-95.368484
85.14161,12.545355
-17.27965,-71.1949
97.898964,8.68604
-77.999146,-67.59765
-72.41094,-53.40391
-73.81297,-43.947384
67.57468,65.353165
-87.50261,-4.4377117
-71.214264,-51.181343
-21.91204,79.1742
77.144775,-28.863037
-70.38558,-56.1924
-86.41135,-41.86498
-40.795593,-44.88745
-42.52552,-42.168015
-79.67159,-59.82165
-72.49887,-53.730377
-22.013885,79.49994
-78.68682,-47.518723
81.541245,28.405344
-75.864075,-6.4020653
-66.56858,-12.594479
-53.40482,-27.317608
-89.4207,-16.95078
-71.2955,-55.60383
105.24732,9.345586
-78.33879,-62.53077
-78.34643,-38.137184
-89.28338,-31.795582
