PC1,PC2
-169636.27883259332,-2746.0884426000375
-170337.083205151,2692.677452382891
-177303.22232628232,5380.545932857129
-162157.93460203204,377.5530225230232
-180139.09793656235,5767.609048096416
-146015.17098464287,-7779.754955775892
-173248.85752933915,4011.8219444033193
-102368.86614065425,56592.8105130644
-103201.50517181738,-34443.38881016171
-177784.85227918054,5826.989801972833
-177271.20637547883,5419.363656981708
-173071.32329983462,3996.9909195689825
-175795.27688650318,5408.398403566189
-2385.154115412879,-9402.086981265622
-171408.77673544319,2135.212624729572
-172080.55058652256,3588.485444791604
-167748.41768040042,2755.775122384115
-180254.5163279287,7125.382561982596
-135212.46924840118,37349.175448976835
-120229.00200057271,-19305.276644224272
-170322.23848925927,-246.88983327626192
-157089.11473922862,-12302.432472684342
-169617.94790532909,44.09086932106129
-47460.881912446726,-47484.146380811784
-171103.84589627438,4007.5504706804177
-129644.75144024275,-30022.774545462307
-182424.0375861091,7504.077563563989
-28659.51773980449,-44401.694439003644
184452.93528201268,-131563.2839101901
-169305.57916440855,1099.8777961992682
-168831.23227119006,2072.049106886866
-126786.74469627632,-15161.075468737092
-170172.6596508954,1117.5004614595027
-171372.07928303588,3784.2733791404835
-171362.93105571548,1625.563319435938
-173788.46840382772,2390.7777267544225
-181162.3975941036,7612.64157188692
-179910.41184187226,6329.383873893097
-176608.33974856333,4332.984503189066
-173297.802733397,3151.8584542816307
-56306.51013296108,47114.137894410356
211842.6458770592,359597.16243357665
123537.23463600973,277722.89215755276
-168282.56168914825,1655.5545244044397
-181941.8970054896,7389.77927759657
-173815.28978682178,3404.8459824970787
39991.394936834666,-107364.51860845817
-175550.7361495043,5009.421928097301
42280.62082491227,-69176.91402535286
4893136.693645884,3227606.244271194
-173688.69102000917,8186.531456033751
-168979.5403344752,2531.2143730617354
-94828.74258503818,-24313.37436247892
-159840.28319531237,-4424.746128493705
-178286.6320465369,2996.5550656488977
-181480.03795589306,7198.760199030701
-87170.96820707715,-40499.49524473365
-107308.12525238917,-34492.473981040166
-173922.9614932275,1886.2432720387706
-172206.51718510935,2501.7383379494304
-168654.4839162021,2405.5546477335356
-176361.57998279834,3436.6340371567203
-179111.72015231353,6638.976166831914
-173862.817996367,4615.717615618738
-164865.18041995313,-2623.6880562625247
-178233.9473648857,2976.3777017069415
-168742.9078337076,-2000.3567009190301
-181832.40162097506,7360.372403526004
-176138.92927487896,6860.825064047944
-67542.40769580923,-32036.36171941126
-172467.72544058264,3822.8226917744378
-2612.753788999602,-55494.659073728595
-176257.6277022726,4789.964337751509
-162809.9961330203,-1071.2853085266634
-180516.60886933704,7049.249794531292
-180169.0941808761,8225.406120317233
-174961.655957638,3909.0735794462626
-175453.20642763862,3462.3537481159583
-163388.4985900111,-2030.3101628905988
541970.3225577613,-176973.66288450555
-176060.25242251976,4687.24941030188
-176903.7489524677,5562.935816339269
-180929.30715971324,6947.814268476524
-180846.356461287,6942.314289525847
-147230.98800036358,-9871.081393585691
-181061.3601599592,6865.148025380155
-174024.7672241656,5353.608764538454
-181311.15980999096,7175.791984370113
-180156.38729581053,7673.603838320774
246205.64705895644,188516.96400239467
-173470.95049036195,3143.931274508359
-174365.34630274004,3191.6718077803625
-182078.3866337923,7432.283818998427
-173476.33267475208,7847.9189532791825
-119823.44628733251,-3992.198287279636
-162558.32419493736,240.52738343671717
-181841.16221006683,8401.794407694642
484419.47828248533,303640.7252411253
-173870.3117880346,4145.666710024485
-179824.06285334984,6086.228620171523
-156601.9810747705,-7133.857218978603
-126019.41407940445,-54157.30545391007
3439156.297245526,-924648.538569239
-173167.57067603755,909.8015825172597
-167887.71651178348,-541.2604010585383
-163584.38581989583,648.4309632039385
414168.8377192587,113854.0254267672
-177299.4178128186,5925.149912363231
-176394.9684642908,5625.447504143714
-180952.10970713376,6985.7555801428825
-167965.01807190964,-1215.5781491802736
-180061.3663372783,6065.677581730273
322778.7671668113,-265199.8570190869
-173355.9173145147,2991.5694355254445
-177812.7171824678,6088.167464816655
-144754.93873814624,-16859.062061581608
6250026.41625689,320846.6592610341
-177242.47023504137,4865.463952709871
69103.39889756491,-120659.0242554493
-154401.9071009111,-5702.966101075333
-164799.13291821984,9885.905471492773
-177816.9005935318,5613.9502529963775
-114242.05264796686,-27323.902213570873
-85343.50077643308,-98249.17645151411
14280973.755985647,-7113725.497699793
-177978.3974416239,7123.511705240062
-180842.28047611803,8029.389182351006
-181091.20804636143,6738.910607740978
-181083.40813423862,6558.554837796659
-182132.54088000668,7322.723161861443
-176044.566493885,2334.4135074352926
116367.30679143767,-155439.94475649812
33603.63680012402,-80808.83336020791
-177569.00034594638,3165.6543494328544
-179006.6312776424,6362.083796365032
-169046.06223134507,4488.185636929244
-147333.0317224178,-3381.6905802607234
-172257.90078586503,6537.627983860615
-179307.91690740743,5181.580669569474
-170542.41761769168,3047.7701501515576
-171501.6929126879,250.81458640949313
-176399.90390028467,1625.378905655135
-172499.77886975586,2451.8330185612604
-172346.95141349646,1793.277979865794
-62882.67311964743,-48562.75648343822
-168949.94712781484,2939.1944386566547
-151599.99233719974,-8350.681558693277
-140320.58525757655,-9263.961911883225
-86116.8278201363,-42059.80331561888
-173540.36544563322,4139.974653267569
-121314.49097968258,-3332.7025146428714
-173294.99396917038,2671.242104195556
-170331.6369681905,885.6568985230215
-170548.61637082198,3078.252506535927
-181411.1511165947,8675.743188763927
-171968.7236583353,-2990.6455261501287
-166298.90832369684,-522.8830565935623
-173395.56327711316,9001.355910750735
-177390.93947018308,5862.095629667443
-166716.35114030924,-2773.244731259547
-180795.45752052008,7679.252799962901
-182065.04475633884,7039.2809993824885
-128912.17393695639,-23568.58937109768
-178549.95281352574,5792.803951833136
-122578.99282305916,46612.58767655738
-171780.8270497521,5221.306078121301
-173975.42902938882,4389.170968002664
-173666.31823103435,3978.4928919442145
-171245.52438097136,1070.0276698384869
-170620.4141688638,981.6220865656342
-124385.58143135332,-25107.554353094194
-177507.63016611483,7559.60694072137
-180620.93165129996,8425.652528897932
209593.85895822267,242397.07169471853
-123490.3881286738,-33398.49346408926
-117568.40007468457,-22693.259974003166
-174679.07174322783,4935.591015004618
-125575.54156655395,-28137.159843307236
-172958.985234764,4838.311770274017
-173731.4001784595,2725.446777231926
-171286.66903874013,3605.219836275922
71501.66315781872,4951.345970173103
-178550.37069195134,6545.444264619718
-158107.92061989006,-1934.2833613517396
-82271.19088907016,-30574.80398521319
-171861.98017382703,-914.3508026213221
-88397.79244339943,-58526.02504888406
-172354.07729817834,3833.8845438849094
-140792.3955060094,-8373.560197415502
-178146.7631855634,4212.682494606874
-170305.60923324426,6921.222954336217
-169508.1788077977,2445.6120941448053
-132363.59037351786,-16508.51984158255
-163234.29223953103,-10524.273151635252
12445752.458028957,2323582.391012253
-124226.1156668167,-22581.550960092303
-179707.49690183197,7110.873383379896
-162694.39923999525,-14086.620422328355
295778.75805111,-212670.5239522878
191340.34094645438,54741.01206251171
-154658.6283763591,-7243.597305273866
-171365.72291159543,2476.6534619765625
-171603.80761483964,953.3845371007073
-167831.00739895544,-71.90489909405733
-161343.82129771326,-8001.390228829943
838796.6019926639,-544083.3244719293
-165218.1684549059,2209.667022658171
626829.6742673861,416613.36158431374
-171852.7251009685,4465.515252622803
-165155.9814095968,-496.3193726540194
-180458.628289535,6598.876519256704
-160545.85125474256,3140.693259023489
267338.15793204494,175729.99296365204
-168610.00573943136,-350.68345075529396
-171241.39031603117,3007.1358396665073
-178682.2566384844,6628.8999160957355
488117.8105515105,-242103.78791159738
-174736.6559129531,5272.382850616401
-166788.86585401683,1169.4910749495393
-174139.54773515853,4535.786715714581
-174917.08778578287,3765.928845933895
-169598.30331528606,1901.9100208274776
-173827.1655366916,3535.3775972116955
-179148.89330670462,6268.04892018229
-177651.16542249641,5613.208249791467
-137900.42921533622,-10475.88131477135
-127166.102186915,27548.843771209868
-35442.20839577241,-71599.27125748657
-173886.24686914773,7017.729451260637
-181587.88163366268,7071.864797485476
-180953.79934793658,6474.011075918332
-178318.5463725845,6039.670031419981
-181314.8446375869,6177.468802457446
-128802.9894952927,-51666.65435889188
2411269.919223667,303740.72890295304
-103331.09842940715,-37341.58911299707
-175246.06428685013,6978.680187495212
-174439.67947700626,5417.654164499549
-159493.63089806316,-2064.5124038076538
-177673.26565539328,5987.865670624782
-178738.35849924845,5414.479171289545
-168133.77452457478,280.02280627604705
-66112.99289479214,-51633.27875138329
-167271.8432241835,-2140.6222851010752
-173321.90972258462,2370.8003136231455
-171286.67978883433,1422.2107110209217
-181893.6412297085,7787.112056471088
-113685.21005820729,3979.985607719773
-121043.90235224873,-20659.35170782316
-181320.2929953706,7166.683770953834
-171253.71692562642,2288.118171771692
327853.3387420339,-73857.46081502693
-173551.6289955582,3194.7276487177323
-174967.0242852952,6481.518924994874
-175498.49472361847,-718.828073003393
-160185.02060067825,-6773.004512048878
-179124.66572525125,4505.016412461386
-176217.30115663438,4490.56293960627
-182255.6888581952,8113.432131656718
-109463.49494696161,25307.60316728853
-173231.0141255333,2961.2125224967513
-173606.06225383814,6935.018344653061
-63646.72140350705,42690.78846070039
-173494.7171257649,3532.2958116330165
-181703.24484291024,6882.219418745963
-174543.9793521853,4287.593571663521
-179919.56818064183,6328.6008468992595
-157590.47842429212,-4687.21701068792
-175571.18989099216,3843.2363225981253
-173501.64597286176,5858.4998578818095
-161095.930655818,-16732.871471669874
-112014.47073429688,-24389.705230059248
-170140.68848848945,756.6501769638326
-171914.07319615423,4008.853710763655
-153093.05712209168,-11858.16915496771
-154261.94779818805,-6128.393865399261
-170516.4966497959,1689.8080763892067
365535.2560357083,467661.9827020651
-173764.0216643784,3159.268733680289
-129041.29408035641,-23291.043322725767
-177558.08790669905,5723.739944541875
-180598.88478782133,7022.228196592232
-128756.62319283269,-20264.130513195123
-170052.94600179468,1021.8938149404012
-169180.53316174372,1362.521411269533
-171210.10342330908,6071.815936990269
-177724.36964547416,4666.804647534608
-179687.1689023225,6665.092418267213
-180326.93763738376,6382.527356165184
-110102.228437881,-28588.879971750037
-166770.64385049048,-656.886625133382
-166045.52445248314,2657.8836774395595
-165791.38134414292,329.39269680264624
-166509.45678755763,5073.369795455628
-174732.5545480673,5873.504429621372
-180733.79175277115,6502.334874643015
-176173.00164395824,5382.729884163695
-179953.45445268496,7006.632283775565
-98614.86767814374,-35108.37873972137
-173890.5145931588,3813.6538371023635
-111481.60977508276,-19893.617674117202
-180646.1840457727,7002.045525223775
-82224.04862649832,-29993.249361347924
-169313.55438837915,2175.2975436147153
-137190.8384154817,-10160.451816142004
-174229.54351623746,3008.410530943337
-155712.33727656817,-2973.6221463942293
-168843.3612187966,-500.2240437839264
-169268.3539236559,4379.177431639912
-153457.33006936888,-6269.965860865341
130095.24428772507,-58472.89849580035
88621.52494752879,-18186.57966112202
-144345.73605646065,-5241.707467711754
-177508.07452057552,5253.227303657752
-169982.5550236087,3768.4986453231113
-128942.70783563104,-17901.541042211284
-154893.5363372465,-11988.789953541056
-177810.72440754613,5482.560146807144
-175818.4081968791,5631.3060368560755
-180880.3806488337,6255.0493714324275
-182218.17561720873,6922.876211613278
313850.8104681209,-228837.50233478675
-152601.02152582462,-370.33263909076413
-178257.37786403243,6018.99279476618
-169201.52256912665,2676.7337918472376
-170975.1115058754,2568.6102146925523
-172410.73432603996,3775.1190989131046
-125883.8566631671,-27454.37364984957
-179832.71434906853,6999.874469875588
-163658.17918408968,-1241.2447066071854
-169611.46589731678,122.08302536123756
-168185.04221661531,-5.6928768758589285
-101539.87549783898,-16637.571060425704
-180586.1950730555,5779.958866695279
-176484.72428931808,3168.008489148787
-175702.94628502819,4105.5834913969575
73669.598541802,-136372.24112848958
-181514.8998679287,7835.51593852538
-180847.91847402425,7807.866523793211
-105019.3355386704,-41110.5063398213
-179739.94635211077,6114.705848085148
-174464.97991477305,4064.937122300874
-173755.07438020423,4274.744335083594
-177821.5898215754,4465.503174533086
-174930.45869772346,1604.571666445242
1457898.0151608163,-1093905.4644091446
-181178.83258034373,7154.666324633128
-174688.58205567594,6543.42097048613
-123874.86397578206,-23915.436112488016
-172342.1672523006,3430.7748401479485
-105686.19235467084,-14309.027765838242
-166675.58526398818,2437.9082384294106
-180970.22590720357,6416.818095174845
-170713.62540932358,3796.1306235979846
-172983.68187202132,1340.6709632668644
-177729.80572226722,4804.243875990575
-174383.30243366747,1460.2006417080684
-180231.10602315213,6408.169931367038
-166956.199636921,1784.1837638467596
-175829.35719720277,3332.415918007594
-177732.80984306318,5507.627563817791
-181131.4509891514,7049.851449622132
-179927.52718087,7173.425824178041
-176235.8092809193,4374.358832240645
-174207.0894887717,5594.754142895054
-180591.31313315968,6902.232762700738
-167682.97023265256,-9855.80334286652
279495.41132469766,-246478.02659769653
-167022.01628198428,349.08228159303417
-174986.73909276715,4754.371699718601
-181935.00167070757,6497.298630843185
-159266.09797781063,-11687.531737635794
-166740.13469915907,-1208.6320843259346
-178407.71653882987,5821.234652917019
-114474.69446868297,-20145.734537101205
-175452.7080339263,2606.7826240396053
-175125.3562521153,3461.3473293442476
-167711.03512994715,5068.561101277015
-174043.22402881764,6258.1244912528155
-177663.37661039823,4485.5212612506875
-158572.26952692325,7378.4597281973865
-74471.87097820597,-10051.188125061364
-158788.13516843968,-7498.212214849615
-170696.0211180984,933.6986296806963
-133414.1234252714,-22323.219319514363
-178960.1866786183,4227.8969240568185
-177885.1944036171,6365.414184130247
-158115.2527307557,-19222.233293785022
362772.3663684673,-229836.2257581522
-169695.95539519872,3201.201528738755
-143765.55615619835,-13757.423148684438
-174507.56831950074,6007.254140436621
175986.18497480243,-44090.81596680513
-181738.59719402398,6390.0284194446685
-132967.81369723706,-10231.268881114896
-179840.86962473253,6085.361733284574
-177497.98691850773,6516.587080772764
-163817.40449227477,2794.8033505769135
42650.93695331662,-73141.74371837916
-180423.47859417775,6793.4689790944585
-157363.53787043356,2389.716648823305
-172802.9310842841,1929.4328401098628
-173806.31724641312,7109.882935793616
-176555.60531222774,3447.9179337364703
-174015.73049928108,1034.4272448574275
-119780.7752972419,-63619.32433033446
1283480.916821792,-835464.9626020965
-170852.48596087558,4406.130838375387
-163275.4617826793,-1148.5280662063815
-179819.59877260737,5937.119499495729
-154966.75499570015,16701.646578429674
-180859.9028171236,6263.945112137775
-178522.74836397934,6549.019381399896
-172357.90905300886,2945.4995507772774
-173612.46227902232,1223.0758761508123
-169955.91710176392,311.75183105380165
95465.92483509658,-72593.1217706608
132049.8140480268,179182.8078947736
-173336.27682271015,4079.063332872718
-174541.41730684222,4699.267798206476
-7049.7662062685995,-74803.99736205513
-174742.5465841466,4764.144919697829
-50524.938904686045,-50772.58324144691
-176271.20038237146,9119.268497659603
3595853.582902282,2076923.6796001373
-170871.2675987561,-103.4762558755956
-171332.32066001976,-5017.42990938332
5131361.35550748,-1656218.9888954165
-180358.22908714344,8047.95192415829
-178395.29028220283,8024.698958731561
-180924.4297571353,7144.661305734613
-176233.41030667635,8595.993027364888
-169801.3985890623,4456.8846995737895
-165987.88575492144,423.59760543772427
-172492.13436871557,2837.7943500910415
-176561.12277540634,7153.501719456148
-177932.45169338232,5434.093341690919
-170769.45591145635,5274.328499147212
-147512.04802104406,5183.538390701615
-179637.37128053707,6266.309261719056
-177328.50870027262,6175.209677948046
-176628.69030821612,6134.523712115348
-170055.89572347578,2703.403312205721
-105874.70389650695,-37529.63767158801
-169074.69829468618,4254.060942881319
141687.8750100981,-63582.06601247338
151789.0932607837,-116111.86487029954
-180730.6814833242,5542.425026639715
-164505.00667254615,-826.5567756760829
-180179.61542913006,5901.359336019091
-176756.71366392082,4991.001771357859
-174084.21925710636,4336.250750916641
-178044.38342155298,6736.7966426254025
-135110.80779287138,-19286.93037471795
-174847.2809448715,4066.659355219067
-114153.27411029798,-14635.391639791165
-122274.22727897583,-10641.694958821476
-174856.86169292204,6069.022606689616
-171151.88196784092,4131.313821281312
-181517.67619787672,7814.1661230981335
-164002.31020977188,-9078.722939498524
-167839.990918674,-3953.443899997783
2987450.471896311,275044.98270657216
-127392.64361151936,-10125.573374746464
-175961.02420462747,4858.681858734567
-164945.53448187455,-2650.8654922547667
-168314.8848532113,1543.1927250835415
-172754.04569309362,3973.989527237679
7233098.040639242,1651056.451688897
-173054.69556758268,2039.7287830872256
-160859.3097525973,-1571.725832348031
-173190.6505677433,2727.152810188314
123127.59988688212,-93344.84716408352
-181433.8717863152,8591.326922163158
134972.45648335334,-180434.18663995794
-179129.90404049034,5205.126009323576
-110192.6151404748,-28619.718261965696
-167823.84233177808,-184.47110905474437
-176597.60630034344,2518.157186055906
-170182.9009993772,2975.6826155151966
-181373.5361228213,7199.860456291317
-166249.38196014974,-2585.1793618769043
195891.44857373653,285170.96052339306
-176578.82440536952,6468.729157704094
-173221.89844376122,2745.318102107395
-175411.68337785164,5976.226774256109
-163896.80758991832,16647.43709815771
-173869.71366526125,2472.131497575351
-181984.13899374075,7190.993206981628
956176.0930609063,346534.93379793304
-169129.30692014948,1765.6432246451486
-170531.40621825808,1697.816191888186
-127679.0246239242,-29072.620615789863
-173693.93271012694,3862.4053517647835
-174265.67193445846,4708.578264276225
-11718.550815388153,-45545.7009461551
-59868.92079032316,95264.16246496853
-173928.7367202764,3572.31839221859
144663.69206619583,-147984.4232306827
-163332.6968051757,2344.308076346563
-180946.21033642688,6267.378191375572
383346.23156134196,109828.26379773562
-177448.12751378515,6586.888867429694
-154958.73665033904,-15362.26658254767
-175745.32829158998,2980.2365945401734
-160014.7820164495,-10434.86456338778
-147792.51806001933,-29100.078451180074
-82947.02563401777,-57562.67913506287
-164098.0082853123,-8152.456629915587
-168413.95282198957,-8534.058174151412
8017075.896086632,1629488.3374706102
61961.02445765969,-126419.77056663441
-180543.72742719826,7215.874513663062
-104014.7496283376,11639.31453304833
-166217.2247389472,-418.8114927413244
-179647.41719841197,7431.176507224698
-159382.1069068899,-4970.548779757379
-172132.22503627912,5438.487178825257
-178377.54017967428,5799.0448828434255
-121823.62400201922,-17618.544376688864
-181002.52617281253,7198.481689872071
-169576.12851890505,2101.271974513449
-155900.02995113278,-12548.761858869324
-171932.3782876453,2781.5993288727095
-164980.07630899278,1929.490999953774
-177372.45235856387,5451.813116129109
-125289.37374257584,-13006.45537387864
-148234.442489371,-1980.1803619599814
-159052.3409704793,2793.5186295098392
-173763.0007721986,3406.1226340688763
-109846.11514597223,-26069.559800823277
-18459.84312985398,-61269.876538621254
-180147.56868807157,6023.8729563624765
-171900.95801671414,4278.028632316
-182332.65278121544,7789.040108978078
-167443.10068852513,2060.343141947039
-175292.39954666985,6389.79169513413
-177043.95176282473,5363.457299949203
-40814.936932875804,-44142.584987706825
-172228.19929493303,3965.7077736764504
-181650.39966215246,6537.897841086623
-176693.06171055132,3873.515875794853
-176190.88494316218,4171.910752589654
-160846.79877101403,-3652.853160098117
-176297.7018964399,6772.393722230514
-178697.63123117443,6362.765471608873
-182125.3039803611,7707.102560143063
-181905.1676391077,7700.097934775434
-181010.7369581377,7220.89077316649
-179129.00631497893,5510.923602135945
-177196.93866421748,5637.826320632435
-171025.42785444914,1086.1229790509278
-177258.6272816847,5783.036666246613
-165803.97651415458,-1610.4915437053187
-176577.70411499808,4086.572958407877
-170029.0578639758,4042.8328356280763
-131723.63274341225,-12293.730886184758
-175677.4311416306,1132.5274299050752
-179244.34509975382,6944.515229564393
-166593.75116455278,2628.173199120056
-173989.65703757264,5976.485727477215
-172229.82165806968,5219.839778600871
-172620.02622228095,3989.493129391257
-177756.26677695752,6645.913865165842
4057.7254043196735,-10878.09804708202
-155264.74929219886,-8490.666713450579
-176495.4667040107,7604.564028103795
-174122.62209393285,5885.666702402505
-170263.15493372586,3073.076070827775
-172708.98013431393,5458.855726272153
-170700.08933644686,2689.6112704633415
-169875.1129049714,2635.188028952258
-176542.53010903165,1397.353890755121
-163369.38824282974,-6295.4143622946285
-180529.65050237067,6397.416381829481
313841.0277820783,-271565.72531460616
-7855.06500282092,-91259.61080450608
-178994.191279001,3220.5728965722064
-169719.57900953604,845.4786717130473
-173391.1512617904,3721.244306076569
-151769.79430224362,-10007.979801644853
163510.83805084426,-149699.76666947457
-177711.94639952085,4704.417451383417
-171204.26350125074,2463.4780311685236
-77691.68880368084,-38998.558021590914
-163638.434515038,-1274.6628321993467
-172583.32042037434,3495.087638863157
-181268.30693335156,6714.784099918218
-178725.2823154214,5843.094138784215
-176432.62764823518,4494.670930483568
-171367.3759818516,4930.652922310524
-179806.4135796476,6204.219567470116
-168163.6650345356,-125.57646707792264
471331.4519835745,444729.511349536
-155814.71917732022,-10250.692601747936
-99896.50112004727,-85653.8100331678
455322.76814628724,-367794.30322577705
-173778.92593965222,4266.291705692851
-171306.89650942304,2608.8029281287972
-137270.33638458198,-12172.548554593921
-164929.91743469986,-888.4137017311878
-137820.59029443606,-6795.244906793905
-176703.18434433057,4743.324117985121
-161969.38389029005,2847.7526875496987
-151487.28139632245,-12975.972190044953
-178805.6135868849,7398.965459091822
-162893.87763555744,-1830.9982874204106
2755141.9756546165,2130075.0863103205
-174475.20595830292,4257.588775182315
-176489.0179142692,6039.1697648858835
-149441.6551782034,-3599.479541922834
-178547.1810745565,4359.075007984742
-97948.12489702481,-25831.098200920904
-171409.02613641007,-521.059634971798
-179304.4453250494,6733.789603095282
-177535.76118517207,4825.8792375928
-178297.57900217985,4732.872137637425
743707.9795111737,-350748.43290589115
-163174.9039635097,3546.2515899598748
-171669.80173553972,2963.9288052118272
-166512.4941751801,-8438.663349518787
8795142.63796637,1511374.7566930023
-160971.59034211657,4148.613719073892
-169214.8011630441,4112.85122563779
72700.26299572174,155447.18480785165
135776.16039759998,-165843.4629783693
-105457.2506521059,-40650.0933136073
-180756.05242192186,6033.479412897019
-156288.29642828178,-22028.906319901085
326516.84841866855,-214203.5664439391
23957.04432562762,-63807.008332992256
-175928.5262876308,5387.408246048648
-178292.4656138558,4230.108325337227
-119400.95460572327,-22910.30190030807
-168778.38477674947,545.0760492771469
-180756.2336464776,7259.261879934712
-170262.9460845612,2837.737756960204
-174473.77413243632,3977.9869842360313
-177157.81732094096,3706.9883031412337
-167481.6951411858,-1899.148811191897
-167498.6963773778,-75.36841367958004
-173113.146132466,6392.882648544741
-181246.2239071589,7760.004896896785
94224.267976414,-62326.57097891386
-55017.69710420103,-65123.76498038177
216979.476811226,-188529.84600224262
-168712.42234472706,567.5884517493814
-178257.4901480284,5071.095053070518
-182412.80861799882,6948.65226118617
-162507.42765340826,1833.7230907738103
-179784.3609973042,5552.804831031464
-109692.86051106341,-16103.903023405093
-176384.87539706903,4016.704844251809
-168929.10697334236,11232.325827142646
-170188.52837619348,1800.4290565544934
-175740.19673792773,3769.5249864982343
-127460.24190281973,-14422.840529275223
-169039.583229672,3261.738748344257
-165379.48230703044,-2002.6917463704558
267034.4206634036,-237976.51176397403
-172166.63217965455,3273.201959664605
-104773.01163708155,41182.56959118958
1307696.2995649362,1123118.9125434943
-172147.11058990084,4762.3198184863495
-175660.42008123288,5250.145196119962
-179960.07201375734,5938.370530854889
-172398.28722041563,-2272.7647023538866
-77059.78875334989,-36290.9637023616
-157714.91431496988,-1427.05260428962
-176174.64690078158,6383.90636497212
-179059.48603120586,6323.337822200605
-172793.7420211347,7385.079239805282
-180568.3988235741,7093.967854458402
-180906.1676425334,6878.3250308269335
-178134.23852105986,4550.3250870378515
-165788.5523201327,-709.6624977905449
-174588.55778559297,4665.26926633482
-177154.10035210167,5232.594616966153
-175557.82393325167,1162.1285625497376
-168153.01357541067,2748.578207507854
-168340.7135032267,1984.3361522550904
-146527.14721559302,-6226.176594526032
-77415.19279987171,-18923.36784132674
-173539.244810083,3156.3136932396756
-178858.8352448429,6035.272548059409
-176093.075646904,5753.827283399625
117224.1385509831,-146149.70530795332
-172264.72713756392,5975.874772680321
-177420.02938751056,7691.606253616387
-176770.5935324711,3972.473412412791
-177223.49211262292,5142.014348024726
-175196.47424139507,3654.317705967487
-111001.02426097862,7206.3624066621505
-178724.07763042097,6405.675102069404
10215271.403121414,5521445.55783567
18771.77546622415,-52262.125453072345
-170969.23723101593,5485.318509853749
-180870.2522159049,6292.919041110376
-180224.43861968495,7306.263762618875
-88062.69637342237,-30837.453459127122
-177785.59932406392,8704.580001788814
-174991.91810291374,4256.260286944673
-175224.91649274708,5816.5061404461085
127178.588135586,240776.0912510097
-118720.17227794242,-18984.241057904954
-180708.2089960458,6929.969954180008
-178751.20095961847,4932.862662941446
-173267.37839786272,1236.6005846031658
-180241.01820073603,6328.9222786608025
-170331.65405929196,2531.2535841577483
-172487.50345935294,1554.7615463647307
-179827.71458226987,5765.307914579972
-178137.31585112962,2292.5540079643415
494009.3247713567,-416154.99281767086
-173475.33511809068,3168.000918019814
-174258.34433050896,2621.756742580903
-175924.3401406116,3796.331570239573
-169968.32232277968,3343.214178673248
27540.369693720946,-103902.06895941593
-181094.312519701,6362.723144625371
-177071.6264883309,5746.033349001253
-179607.42637225767,5669.836446116577
10432540.865520023,8049001.467496797
32916.34290446353,-112008.62073166526
-169607.5252570291,-3349.3373877980357
4593908.042275158,-188957.92592292812
-165255.4443050234,356.2558764628566
-177937.41193183928,5089.485036234433
-166798.62974428065,-2072.6884452625
-174072.99560181188,3061.2859115450765
-158066.95186771295,-2559.275990386548
-177941.74913289232,4826.948368467422
-176632.0852614692,8518.706080349306
-167856.72973702278,-41.22692499142431
-86227.59027431255,-29510.035206317632
144402.78831919236,92276.4648168924
-173388.309947251,6551.667783116526
-182224.30915633126,7067.61490277352
-178239.98667977014,6334.465823371611
-177943.56731556976,3195.7313902215874
-178573.64787685228,5523.0295943577585
-171743.75723196918,6612.521069748439
-39617.083216447034,64286.983886122136
-166774.20004039514,5696.482672057247
-168766.99287286625,-2834.978291211817
-167839.9680894995,903.028231773721
-149992.8123693755,-12855.803704231463
-178817.90639683916,5928.060641941935
-165429.55786597586,391.0673358723134
-50894.61182414755,-46961.03338508134
-175241.3213091311,4196.415206407279
-127980.85762909839,-25299.750979197473
-95267.74462890398,-39561.419135886594
-178267.0613172083,6449.752389110315
276027.623837544,-237605.56969314566
-164846.3650397451,-419.81417032522404
-175222.08856041532,4408.7599078653675
-179411.71318764254,6715.588804921588
-174386.06421922328,4730.6216313603145
-181164.72143385443,7138.422044739682
-171995.2177600553,1099.502280310785
-166157.6534953779,1196.5628514008877
423472.12524983106,-151680.4468868217
104228.75324485806,-153037.67529468515
-171174.74742257726,3914.800286130647
-162289.81201817948,-2355.1162894131303
-172868.9298254334,1421.5568476491208
-178422.2217668241,6417.618913781833
-177473.62041702078,4931.961151153511
27080.02794536529,-76760.94951015453
-153717.0152218723,2290.2016996010643
-154253.14141837734,12329.165090811723
-170769.10722376348,5280.402094894705
-142061.75043659424,-15975.644952604847
-164739.52970760877,-1418.595671029363
131427.21261206333,24252.431610893764
-169819.02811704046,2361.1284314282757
-175876.39097311388,4188.981528695804
-180952.45895751324,7869.505837768676
-150729.25551113766,-7802.574195449395
-180069.36151752842,6633.32752831204
-175890.470746375,4578.00176318639
-127498.69219657581,-19216.70344352698
-176237.28059962034,2600.1254575073153
2182314.795875029,-868556.9654934303
-178266.61392332934,4658.501168370561
-176321.9965098015,4968.1774483291065
-177233.90619246167,7220.398482093784
-120574.8512300337,-32441.28776410588
-164045.7711397574,-101.77836249842949
-123143.45134824348,-17912.583551698437
-182387.9910922969,7249.545465222598
-118925.31975838254,-24414.903192884078
-175191.41861139378,4267.5104702780445
445829.1144133184,530410.876784316
-167345.77804026467,-1491.8547862470823
-175692.85672643842,5183.645143410021
716590.1158051009,-447957.6202880785
-94234.86669864166,-64136.61919451718
-86190.4474376822,-91404.42426683553
-124551.75328914306,-54576.29258912378
11527348.14020776,-6669737.763873657
-173182.29563168637,5593.718981326847
-165147.20178364473,3250.445609536777
-177538.82156715202,4320.392853574056
-121234.48384787727,-23065.56285673153
-177214.89528583572,4094.65490081025
-180863.97929313197,7151.179953118646
-180745.72086472146,6638.171854816647
-149031.44484672172,-7199.363158272616
1217062.6223721988,-230679.13784385784
-179100.80229927594,6686.98919160152
-172868.41704232132,5313.418872355029
-179743.25904282185,5815.420689204717
-180257.75075752704,6795.951272191314
-174438.7861423514,5634.144695542377
-172799.90644378564,3762.074086594698
-178195.81978067732,4949.10591688485
-133401.70766272905,22651.306745621278
-174376.30062211523,4862.529336294492
-179240.9512058513,5632.996984318228
-177527.32033382123,4867.976659842874
247148.65167367313,141463.1995486157
-116278.72889057736,-22710.285093763174
-176382.95826571624,6457.943797379788
-118813.80156789935,-12228.327908544657
-173676.60242818415,3068.0016253740796
-170284.44934638054,3813.456662636435
-105166.8797020761,-18918.7223352327
-163254.78442062598,-1115.314455128202
-176672.2835576422,4133.72087248967
-176802.277481981,4234.927717484979
-119667.74125958381,-34572.3158927541
-171032.27034358628,3045.267826675582
-152944.34166579033,738.8920621247298
-165736.48201250832,200.29937757324205
-138065.95881910814,-9347.597317545415
-141696.7313273094,-22350.19579918607
3111428.0729946224,-141829.20707198582
-144165.17368301694,-5507.930429432607
-178761.7612901338,6491.36140978845
-174841.44133269787,5157.529206954658
-173548.3082447829,4077.3240306865555
-178721.90421786142,5237.139589269686
-166147.99507631373,5485.164513374618
-162747.9554622455,-1190.8004611971119
-173154.37294775265,1533.9174592558447
-125822.31820393511,-12085.475497612
-179726.22851908667,5793.228759223382
-179401.96049848894,4587.348033433793
-181115.48567562472,5866.40617160935
333921.0799626293,-297977.93635790946
-181848.5463163506,6973.1908445721765
-162649.3418021922,-2768.7005368288083
54082.035070604354,-1636.6926718188606
-129824.1932566277,-20376.27853870821
-177391.10349973626,6838.84348039253
-179389.3973804363,6924.392074515613
-172176.37390000967,2621.470903238188
-170427.36202295616,2571.0879602479254
-165889.6617155101,2391.688048277915
-176805.68460765752,4840.286384243288
-179202.5518050298,6387.009814066077
-180062.0040115263,7943.096687533627
-183066.94596082886,7706.026983650669
-170532.2231035966,2383.9032317034316
-177052.47884892309,5831.918505704871
-174088.77462303443,3617.4588783948293
-174828.66965351606,6446.0376765950705
-179983.35735292503,8252.181447303416
178736.8949798934,-158316.96684252616
-171905.20624094573,3986.4042284007865
-169320.76214888948,1534.5531910861991
-167489.86485668836,482.74967906505753
14312.2969900858,-33014.45881528659
-172676.4134131108,3054.0657555146736
-177323.2674846336,3849.5710764954783
-173387.63456679048,-1827.8200449864507
384972.6549767353,-306890.4728557931
87997.54735816165,215787.74718525846
-176728.44056926406,5737.198645447688
-178176.70188930145,5307.775784158242
-176623.98844481586,4829.008320534467
-181441.60116066015,6962.139297679584
-181612.55394021262,8521.168087171156
-178082.69139028137,6643.879132304715
-180286.21320181893,6181.373252732653
-181050.52904387377,6335.032742791818
-155371.59617431092,-3919.419457562437
-169785.52403326362,2685.1460210485893
-178281.0925288953,5861.976046592599
-180339.8645779819,7702.146042572983
-181103.91962695378,7297.13095545242
-178003.61263939686,6023.556861358518
-167042.6939551119,-3087.2010941483095
-177457.1038249394,4592.595819427164
-181978.02597389687,7499.610996160867
-116701.44870315869,30973.60993709269
-173435.6343318061,3170.67266109913
-171118.49624913017,2343.489924639691
-89396.59287222222,-35332.48293141607
-123014.8984062085,-21802.982884747493
-164494.43891362898,-2437.501104160525
-172335.03404262682,862.1345899685148
-62408.31483177621,3426.8372588973843
-177412.60872555105,6560.523274170551
-166802.15979882266,-82.4116185721632
-110967.90363521606,-36388.46250405838
-137263.49451228956,-16487.73095967376
-171882.82412352384,3635.1328959419925
-172282.47030737335,3538.83008557645
-144407.84931413564,19825.401786292838
-181594.28740034488,6339.07720795901
-171375.3345309665,1617.706380107721
-170641.19383985677,1001.2867361952776
474313.44940955244,339897.1415480576
-171963.28822794062,1112.1428876087675
-166817.7539952857,2438.436131731546
-180530.44724901344,7071.217700492336
356461.64072866814,-266891.57075356564
-100497.87346936094,-30265.738987359517
-1421.4298411869386,-81817.26343178235
-150957.51257887852,-432.86738475673155
-169753.34676668802,10743.326355224382
-173377.70553602788,3085.4399826114077
-177735.19289509562,11026.121831485345
-177886.76702724255,7227.764097029133
-175585.54230886413,3691.9871289989496
-158566.86654154048,-7221.334728839081
-178695.6784410237,6248.816878299567
-179528.662036898,7261.961252202097
-175942.39302871568,3572.6333024875075
-181832.3635463658,7436.918601714966
-178985.56042599562,6421.862857385115
-180156.64133312492,7532.934586649763
-138901.4536536734,-4766.268122957006
-171055.10106943114,1402.3804654550922
189701.93760839576,-128860.73255444692
-175833.74777202407,2736.6341869822963
-182242.16249839138,7169.975730895005
-133396.87908192037,-19037.61135313996
-181524.0459380311,7183.579385780248
-174859.3726971667,3784.2401752046626
-179749.0896989745,6447.202631235266
-175678.54470368646,2506.2257420539145
282850.7332043566,-253402.45423614923
-159874.7592608658,-6910.32173528125
-175074.09736273842,4001.4923677951656
-155893.81172208712,12689.846159793218
-180382.99126136763,5685.469555160853
-174431.60123845996,4955.516747168449
-177305.39670243685,4482.704152504067
-174061.11208217157,4237.238147532202
-119030.63368223424,-16493.42676196504
-171734.18470823055,919.8497386974168
-76764.27342513188,-20640.617955422596
15265.891436299658,-1766.6174203734263
-173051.8916333147,2966.341666593128
-181079.09373881735,7284.294797192048
-171920.949897893,2336.570260049254
-167647.0301044454,885.9199443713424
-173696.50381213374,9940.092020461423
-90570.53515164023,-27307.668416030465
-164014.2473727937,358.36091757196664
-169951.44632596028,16207.458292430776
-141556.88905795946,-19612.912873587113
-171924.84765697076,103.70522921246084
-168260.1848206262,2857.983758098346
-182071.71910751026,7293.34322416065
-170861.02302819592,3776.1696696212794
-163213.7085221985,-3080.6315132976088
-179894.80218792654,7018.017089094386
-175430.72137397598,5692.704750124662
-132358.88883172948,-28663.87174383265
-171306.0663882066,2575.0572243562165
-182958.12679998996,7773.92583307164
-179548.03224506817,7599.77672136317
-180318.15478127144,6343.237172610413
684657.3394539452,-476630.29359916085
-182263.91162732826,7023.334457545928
-175302.17113109888,2828.3814192895143
-178607.0358884657,4805.180382366658
-180184.15376937675,6028.598268004156
-176279.93238761005,4660.164342161717
-180981.73440557736,6535.430141737419
-169544.95696725268,-180.80518888651568
-172644.6512784587,6001.255233032538
-168608.6641445819,-1891.8709437266461
-172923.94065193922,3722.846943291949
-175046.076958717,6048.648469851449
2064993.4528591768,1296442.0682246464
-171630.51379512332,3636.997684405963
-176771.2492728028,3171.2284621954623
1170406.3213692561,-940556.2058872672
-182234.57773604806,7961.519254162069
-171526.6318948771,3636.732689425242
-180229.86775933794,6027.612172984545
-178927.62424858363,6304.322142808927
-176978.0653092427,2486.7768628022595
-166584.25897222594,-996.3003178851504
-181430.84389015366,7348.969283046524
-171798.45274144362,4928.128107144138
-144385.5553449087,-10658.701763644805
-167981.8399062298,1916.1350123687807
-166334.16889919943,-2275.6474332085163
-160114.11660987654,-6051.5360934326545
-176895.963429857,1006.2778500656441
-171284.3162462486,-673.1704943042841
-176927.04041316907,5329.047311389182
-178290.15283320865,5374.980678158308
-176012.27247583578,3900.4770056425305
-114292.25332578715,-29866.36156176743
84025.96864978527,-61704.25614000018
-166939.72734365167,897.2890893057474
-168148.16545355407,-92.64486926654354
-167236.7223663544,-1659.7764969603359
-13608.07809471857,-46314.563369834665
-179698.41336589327,5483.416708777977
-176781.01526797944,3814.96504982388
-153338.37898195232,-14073.398015025787
-180180.74386812767,5737.077517908007
-166883.50776773473,1999.8916460407227
-156459.5282748892,-3153.162881931992
-171529.60577218927,4936.524419222795
-85617.86876027712,-28293.37444537373
-177738.01670751642,6699.484933315993
-173515.93521825614,5187.907692370796
-182249.808153592,7639.805548764724
-175160.97977127274,5953.372798218413
-173745.9824266539,4706.176020643819
-164497.9693277112,531.7999653367051
-170755.7972779497,3514.8303438029925
-175368.40622069972,-580.4072010346008
-143335.20578779373,-37287.14832501137
751186.8652203393,-644799.0749795919
-164035.07730599694,3711.1063276556333
10531594.661899993,-3705679.983642427
-174336.87802222528,4294.927730450765
-182805.5962389203,7859.711118798199
-176111.61502418705,2477.3879568041984
-175420.81731816757,2549.944516472894
-178438.82550295937,5280.936678591743
-149977.2198146224,-15590.551517038779
-182282.50961902627,6962.205074876399
-174642.89701532404,4483.622073214924
-59314.363993605875,-48429.161220983784
-129387.70144094917,-22407.91355195331
-163702.3141345925,-444.1568498220022
-169907.1969669722,788.2661578740735
-178548.59421815714,5678.460423048426
-171241.0096162054,3572.3482650927
-162782.99029042904,641.2791984613241
-179315.4982769264,6256.800002686493
-95633.55237121877,-33904.61426233319
-171783.08131163954,2103.9998188443915
-178065.15628360744,5356.377006187143
-172403.43480023465,1380.7691454985197
-178912.25260803447,6198.060033133021
-106017.41870579388,-26502.005734593047
-33154.82728357581,85212.31087697655
-167321.9290835395,-612.8757549806596
-12786.148609573982,-16068.59227533841
-160758.1317090923,-569.736091043842
-86062.21834503653,-45856.228601781535
-164362.88879920155,882.862570035325
-131316.1249145833,-18191.38199027039
-178074.93668218175,5568.942832814508
-177884.91219928555,6560.795489202717
-164513.70277616492,-539.3362129049146
-160807.7569919976,-3865.5488211659776
255801.3643100704,-50669.97974894717
-175436.8087542185,4566.279446000284
-98755.41424013309,-38356.50134365991
171457.7237907421,-13539.443156843607
-179429.5685517635,6661.719057400657
132922.92019505473,-92337.4536301961
-155203.81568001193,8795.717611458907
-172311.89209637683,3247.968788136035
-173915.71256653144,2447.3447338976357
-173246.1613037398,1158.3618560225632
-122020.42760680601,-32485.102956884773
-148544.35784488692,-15846.327576124195
-175300.80805050753,695.6549234186568
-169612.1425163167,-3800.8978843796867
-145441.91928889707,-17819.920909687877
9354950.181075057,-1820409.9167858222
-178471.41507935993,6768.521072374256
-176055.36527679602,3746.4375831365815
-177473.6844198422,5953.185258096269
-180862.79140760592,6312.12446569185
-180632.15308800628,7076.136700091645
-180068.38367709322,6584.194810288307
-180814.79466618283,6905.374995842091
-172227.71985251107,3746.835936570843
-171829.97726805217,-4978.916023475618
-143504.24153464293,-11428.998473679612
-85509.34671443907,44129.26708550452
-168644.2032545943,1835.9665779240113
-175516.13188493034,2906.535137322393
-176863.31406767177,1342.5945816771418
641796.8987712096,-380263.4820227256
-181472.00125726976,7006.4730213779
-179079.17674879095,5896.878740482021
-180449.23714540232,6512.599767977716
-168147.52092670774,1849.5439937371257
-175090.81386493114,3674.1565349318053
-172155.16071811903,2996.346300029765
-164645.88585932693,3935.331335756514
-157251.74033574606,-19358.832431018855
7670596.770832524,-1398162.0204429964
-178254.95335731012,6145.77856832721
-178188.75698628052,6494.17584905349
-178632.33499549105,7060.276098943845
-181191.37272408194,7489.104196875887
-167223.57279119542,745.774698644751
-35263.21236401878,-53279.312310694215
-167775.48981041284,944.8057666182403
-170272.7497497802,-860.8693933824034
-171921.27462984037,4077.942305257692
-176158.8952657554,3794.2040036497347
-181916.1812413852,7466.9135644621465
-176227.01048862038,2811.9997235525643
-171774.7312270688,2616.8430284662936
-166634.65131081248,-10565.826327486493
-65280.840423880596,-53036.42211079386
-177680.89486995287,4326.503992472972
-159536.37799491477,-2068.7182241924365
-165711.22240853158,12051.747242210025
15179.263717419963,-98142.1849085655
-163638.8968519253,-2593.685937923796
-180866.5222029628,6900.5766750033745
-181972.07145647905,7673.018693775632
-179724.76593113397,4437.092748207504
872961.913942636,-596008.6700454281
-169432.97799209622,3144.5115679330247
-177729.3099278506,6781.570640504415
661386.4687477069,334792.60406774184
-157881.76132757205,-7349.2196641374285
-170739.01796129317,2540.9563599488793
-177041.79734432828,4561.602270290597
-166315.28126416006,-3380.931092837007
-169448.10731097183,3518.6766272889454
-175196.19141830716,646.7240577320663
-169048.9303533808,-1424.3251314297904
-178835.04119854516,4454.059647481847
-164732.7885646938,-11898.435138375158
985804.777109144,-661824.6480333856
-177167.45885591325,4706.778450113492
-163318.98627190257,-2415.6772105533055
-168930.46225123637,1567.4326195800095
-116559.72528359201,-25497.37046668477
-171093.55097248234,2472.955411540931
3060.065093299054,-75254.45944290128
-159172.80725976106,12884.716441163866
-173132.3237454949,4175.550632428871
-169544.9289169528,948.6036102556636
-178143.80794525746,4086.6569262766934
-180460.30257003184,6440.096512812746
-179178.58208230126,6959.285827173877
-177768.86357536924,6681.742198432181
-182816.9888832799,7243.905886468256
-170321.4220982728,1510.1378113643814
-178151.16356625126,4965.3356688627155
-167353.59713250192,3328.256811057954
-147152.2595268145,-9923.008104220336
-150642.88850241812,-6680.129479812971
-172115.9658107539,-3890.6111626402108
-132845.94937282073,-5905.9781282798795
-177308.75008525277,5085.005260587261
-162643.97814593636,-3077.0189190461388
-180380.11111614652,7193.78730438159
-175001.6640538363,5321.116191406111
-179694.9534684037,5475.986255704293
-165256.94562855182,-509.57519973145645
-171652.7012376151,2987.8958079703852
-169206.19943091457,2344.988484605972
-181004.32572236026,8186.396224166899
-167906.8590030674,-9059.324583873995
-114642.0582806084,-10369.422294309725
-156365.5629443269,-4119.178489436714
-168403.72230829886,-193.48306687939112
-167515.61694452533,3619.5569133088393
-178674.81666987,4603.487709885034
-178728.3642808722,3669.3882069041247
-170293.0055254018,1900.1163442245406
-180714.23721806408,6162.7556605904865
-163127.78774921029,-14210.64815764663
478135.353110283,-350909.51934963756
-182217.4506958886,6913.404973517794
-173789.07435404207,5929.015102157209
-159887.4670682137,-7915.122440663952
-170217.46117051825,-957.5964200257349
6024410.7966647735,1446336.905153161
-176359.8076992592,3694.4996506264697
-173688.0469976842,1099.8670614043203
-182544.17350405004,7219.758838265771
-172196.1233331217,3793.347045165423
-179893.16919547642,6678.031175730019
-171019.94992749605,2537.0408009550883
-176713.1696275556,5177.016812381893
-170392.65645122257,2986.3163381097356
-181636.03244026215,6464.719587385575
256890.2302497343,-251211.44503037233
-177710.33795299398,4415.688002912306
-172360.0712564653,1965.8641703912672
-170828.62324223973,1188.3588597430025
-165819.18356398807,2309.7630860987783
-135845.88317852287,-15147.876587088953
-173247.68815696234,1719.7257208020492
-171062.06882177,3401.361653970943
-162892.21635743807,-901.1505589397784
-160301.97365484468,-2450.0901077857725
-163487.18893926285,1088.2697357791785
-117619.94743242383,-22981.840889916377
-166776.33136013156,861.7222367227059
-146638.09262715338,-19853.662254485578
-55920.31726369518,903.6028200126484
-172470.75395458497,795.5274585435409
673160.968129473,-443465.1794239431
-172404.28954306737,4217.801129545235
-127050.14442607894,-24410.042579548848
-173140.31303939724,1827.6127426771818
-180653.22719216696,6639.480651381704
-168394.58048437483,1939.7440959536561
-176770.9072353232,6677.299731330472
-176865.16031470997,3762.8072653099216
-66103.71426626875,-32253.174269464223
-161471.56554229403,-4223.564865388271
-176542.8465479221,7390.088990306748
-181832.08647033613,7946.581579055587
57893.589180562005,-109665.54162411888
-165200.21691825934,402.2285458699389
-178342.00376549174,6621.661640778955
-156991.62947165646,-5877.3563374298865
280461.69354794937,-197851.63649676365
-180797.75666036535,5682.719091575547
-178502.5244731649,5747.810677796744
-178232.83067420666,5721.380713945491
-179552.43582157197,6391.287708169479
-32141.133328734868,-55912.6242313132
-173166.46654438847,1961.8794560771676
-171599.3402082237,5186.9953686327435
-176770.74666095705,4412.153877205808
-106136.11998009228,-25858.22150254321
-181495.8210712653,6283.017424398983
318086.16390637466,-258924.2470544201
432525.0005371032,33756.70305830611
-180439.00118455515,5754.711441137367
-116124.25906483084,-5554.810334772566
6152276.313789361,7076171.562880739
-155785.33021945716,-5567.542789358698
-171344.622376822,3059.570669097
-164926.62390258544,-1975.189155021868
-178886.72469180278,6429.874583114819
-182181.51436641128,7538.636239041459
-179465.96968578006,5892.850133347536
-176717.82553661554,3730.9494502234456
-156858.81348637695,18834.835512793616
-177918.51244446108,4904.248129973295
-173248.20037902176,2746.529779040179
-179481.25169826567,7119.274762386563
-180003.41447582698,6340.699340911857
-180779.36942512702,6968.89650387234
-179305.26870341256,5997.449344832443
-180907.67943986558,7181.312660153341
-166680.6223696915,-10220.079451158052
-108505.96223930457,-29288.733352002135
-122072.76770686934,10339.766779241709
-169294.75445051986,9365.939139554783
-120728.3290982758,-33896.29684510479
-169710.7285039337,2845.361645171447
-174088.2691041412,2801.643069745097
-178898.09074951315,6269.176935571264
857460.7307099497,45082.56110479819
-181614.27519564587,7265.108482864147
-176925.7901176926,5665.24433807619
-182556.4546288585,7660.570766370065
-181035.3690907448,6492.843081928078
-179045.3663729614,6617.995951413412
-175339.79967881323,5803.162486330238
-165256.16333486902,3384.8048267806234
-182052.9896803712,7148.185825878809
-178859.3526694501,5009.094503080241
479431.42662609374,-44118.69867842044
-170343.6546414063,653.1254262868852
-139482.39265987347,-18851.964859715183
-165788.0348070728,-1462.9523613172332
-180788.45280354083,7088.872731584398
-177959.75012290693,6244.59446342095
-179455.6748084914,6020.520299664937
-180127.76777169103,8359.040538924452
-168644.6018597222,1224.3629017604908
-159911.92734644195,3552.1931827929784
-173666.668180423,3979.9000141825018
-178449.82302649532,7202.213738282526
-160716.24273582755,691.521533434875
-172095.21658443555,2330.08010531303
-167813.94350346283,897.8224143854368
-182512.24946412406,7711.939763825987
-153051.7586512729,-6217.055415120742
-166005.9430202361,-4113.305049621054
-180517.29805058835,6253.347887544698
-125604.14353078275,38296.408559719486
-162678.00712744275,-1588.4687803929373
-148485.89633866827,-4774.899285203599
-162115.45361880574,-958.2380483752004
421121.2768568579,-33773.13995007005
-180185.9759569903,5050.734879918264
-174388.46741843977,4927.4097183016165
-179427.1751259166,6556.298757950459
-83995.16910127495,-44869.26084276436
-175722.03721341933,4831.5304774010765
269935.7989213815,127346.65712283924
-177186.03486841902,6628.300026475103
-180219.68746057342,5881.643648199202
-175364.8868837741,3238.4217626613163
-172869.99542003757,4360.510757697588
-123905.93393369149,-15802.91910881991
-177790.533729371,6446.226958196258
-176794.33645288434,5825.476720431817
-174224.70547674844,3876.67799967073
-181262.92730373496,7640.906406501866
-170320.54028614465,2292.9635976530863
-180888.8013612594,6670.5935258702975
209642.95443187706,-201681.78443478208
-177855.192439114,7427.519932364479
-173252.92206695024,4944.94004380004
-163167.82824783193,-328.0008373385299
-178427.12676897622,2594.0896879216652
-167905.9055309488,-726.7291187801384
-181609.30399789405,6824.763553805048
744149.6084590447,440401.3649735784
373433.65420844365,125055.21927165068
-178730.13820838748,5635.947304895593
307503.7489231686,-258607.47894146966
-159219.9505255369,-3761.580381024827
-177178.3859722364,4922.778733577834
-176739.14227985786,3679.721678005936
-110413.43276055124,-23959.204170958437
-175008.8569328015,5321.954771897183
-162488.43486569315,-1086.0792014230901
-181445.05631035572,6363.728694187492
-179209.76708290158,5978.180743979667
550301.2811928052,-349028.55081682774
-21386.101826392987,-28087.515718777824
-176107.45899651616,3996.8688874980007
65230.682939975755,-118999.78462844569
-173774.8988611344,4649.313223513051
-170817.5018122265,3753.3795745310035
-172652.61294971275,3999.2372679946448
2332.914667988254,-77277.90445450405
-120567.35664032148,-32078.12825100388
-181396.7860203681,5887.187848221134
-180729.31879321733,6457.520425966257
-161666.83504221978,-16735.38116785376
830515.8511483115,-434271.91949855577
-172660.53344927818,3092.464474774343
-164964.81396326702,414.81420634791175
-147939.3401220821,-2356.54322507305
-166802.1830376762,301.4638584206414
-172389.19650718148,3291.0968914152136
-169987.0883284913,1834.391992558306
-131556.55572437792,-15395.07631407105
-176426.8345262888,4571.342931793395
-175437.60795173948,4294.155422606571
-180442.85173139916,5884.591579499324
-177477.71254848235,4514.308182723455
-165386.35290850332,829.8414549913523
-171141.9818565013,4699.714936371162
-70753.74830653924,-44827.695330585324
-133269.390056859,5564.19495176268
-181091.79146719174,7156.573573773916
-179917.02635069535,6753.695550255274
93000.75403149199,-150758.91077671797
-167560.23978800775,3590.8821569883476
-181414.30720172529,6864.008904706665
-169879.89915227314,3897.3825309097238
-175337.91596017947,4309.065190531748
-166116.22471735906,-3687.2273953056774
-173821.00252289366,3929.4489004181214
-179543.35683204964,6388.8882371508535
-181689.82599761244,7539.070348568709
-176747.16497856105,5759.712994151772
-179380.54747084592,5785.999868117236
-176446.64398807244,3801.611905241096
-176160.44216376965,5627.035589693763
-172827.51373060982,4102.691082277633
-178215.25381108723,7084.861518963245
-180032.85603642272,6758.694423893065
-112070.72450686936,-20915.382789314826
-177572.19002993358,5356.6287852496425
-174280.9346833099,4087.6388587284773
-180887.71876596578,6771.3566345391955
-177848.08426329173,5464.304104416209
73423.41805273388,-39147.16816685765
-165734.18438534357,35.97099566928682
-180089.95275593642,6732.838364555006
-181781.8365310677,7456.29510454778
747696.5853090018,483381.2565444786
-116549.67340969994,-21069.64386529691
-118728.44151782898,28783.146049724557
-175860.1910015896,5518.120834893572
-173261.79478267513,2535.6976772218686
-174542.58757578745,4542.3299007905
-175836.73764424844,5113.316777607759
-178611.28893162878,3442.755577700198
-167014.58636568137,-2155.543021088217
-175011.49745367683,6604.952601915114
-169249.87579897314,5996.931585841621
-181862.60013455892,6788.732576221668
-180117.7149808718,5580.68827022842
-181257.7560589652,6485.205103456879
892140.9373939137,-612317.1650755666
-173702.14698847182,4190.018763425323
-177073.11778937,4692.395175204141
-171954.0809203693,718.4234712574253
-182064.31254763267,7561.74317235542
-177855.41321894623,6286.2234413465785
-166400.48061188494,2598.1395534008434
-171094.6166964842,-287.37154638290485
-177839.20763463894,6668.784455066028
-164842.29480046406,3197.778595135177
-179095.86784178266,5691.371821188687
-172254.4766057448,2416.2140109088714
-175613.26972081928,5318.651814378643
-176868.68765252663,5246.5383082069875
-179020.9154012307,5782.261355900953
-180796.44657757785,6479.341960083808
-179235.64527037027,5835.7900886588695
-156839.72095720554,-8359.250925350601
167246.97273695213,47806.88324460295
171736.38384144538,-166145.92230373542
-175439.82657891524,5987.628287638739
-179245.77108825304,4319.911086307433
-180438.50161671528,7560.75496598838
-125614.34985169978,-29186.43782256235
-179267.87921209366,6544.231048571965
-169115.81547991894,958.5044867467586
-175907.53241688383,808.2045158350866
-171824.07090170117,-319.7401202301062
-167743.33613351843,-9464.345453572061
537322.6938934866,-410862.2207035283
-170950.55942735204,3133.7533415968255
-181290.34675747948,6494.230699369694
-178223.47752881373,5977.044048537989
-163355.64017307365,-6904.753629878018
-86437.0561707133,-42245.620852165855
-179792.19891885226,4888.016795806556
172289.07473097963,-85521.00704684119
-176806.91511283873,5274.860893177167
-173078.03696984448,2997.2602428338487
-97336.66970841105,-31623.77843241056
-175776.95979707406,3178.2077135718446
378435.05126459774,170657.27529545035
-177646.1959355419,6100.327594503878
-166917.96638525464,4478.657606565235
-181274.8410230559,6205.882452712991
-178497.67944390053,4031.6245877088722
490759.7897244045,-443319.36211463023
-121340.34250730499,-14428.57942300301
-170450.4192214347,4035.6043019246044
-164975.60980164845,-2838.4877872670986
-181231.4794423743,6585.195616181011
-174625.84540806283,-1207.4286004134356
-131681.55123593597,-11123.113492393377
-171414.94298441667,1683.2389136830861
-178325.7675706041,7602.070169074941
-170538.0427185517,4077.5312134077376
-180679.3008185831,6324.583520128407
-178163.5747709982,4470.937048303556
-140496.68821460346,6922.965021606108
-174533.25230566112,3917.5077730810135
264061.0591193239,64965.39929897058
-166374.03513303417,-1382.3350999201048
-156350.64751114612,-3260.685553121446
-168314.30441012548,747.7339837728678
-166096.97947046705,-15.896877041319385
-172732.7304805465,4657.236654168637
-181682.9905410304,6799.460394379373
-172508.65230471015,2466.9529756537595
-104931.0105964651,-44940.09102559468
-181597.19216742282,6299.046493604336
281900.066843534,-192058.01096262084
-176280.6430372595,5197.274971594845
96428.69320076407,-33111.233375075244
-178489.80053257284,6051.264869101158
-172067.5965388545,2350.3423216372103
-172789.45449976332,4164.205039748289
-171799.39405351673,4921.17278965022
-180694.4156458829,6727.488540329317
810552.1138388617,-342107.0517317631
-174082.81743328326,3516.752001021876
-9606.222866580007,-85571.26669731726
-158859.6843615734,-5881.974652070419
-73391.80559692234,-46548.07877397938
-174156.44313676184,3343.5745816941953
-169857.18284955787,2075.6156735508785
208989.47763798776,-2832.138321881226
-115061.39487929195,-26314.482153161785
-172338.1079894958,3159.6902172211676
-179494.49151372645,4758.573400611183
-172714.3808094211,2144.8440537676515
-170592.63490495997,4838.05529298144
-125266.05827615158,-23161.66114769494
-179798.4066384171,7436.252776350136
-180786.92130025293,6024.290051827142
911420.2667825532,-532009.0381172993
-123143.5735089092,-22288.30004454418
-102318.4421801002,-30841.238763255824
-173781.11241769895,2684.065504932979
147585.58115350688,23754.450078266294
-105363.17155715938,-34493.806402092
584028.9587451497,334725.9805058577
-145666.46480543906,-4502.870016162919
-166482.0011057769,-336.44563162704617
-182006.95445915745,7029.507848014683
-178442.25252323342,4528.0317795837545
-174295.3646873427,5069.578755492919
-175068.3773571643,-891.4232552176745
-57433.13918225466,-55484.56106773529
-173873.47360518962,6755.669616564388
-179618.02514917796,7086.161019632635
42339.427922641946,-122424.24545666267
-181195.40433540568,6348.808174646231
-174793.04125137161,5659.967572503535
-181271.52005385995,6877.210286502994
338872.104864624,-224538.36976753344
-171353.30365421582,-2221.1742655160288
-181283.48547745045,6627.315356731593
-175308.40330436378,4098.617366236829
-156370.27561224543,-2498.5588825912982
-170309.27938778853,2152.4269155012034
-176907.52900149557,6088.1544529174025
-182545.6885414367,7702.807855612084
248413.75003170455,39252.19898695507
666930.8866439154,25247.574463305915
136148.64278384275,-158667.55553380412
-174277.63412428065,5112.9560408978505
-163839.79570989948,-736.7321997012677
-180407.9693260574,7516.181159961244
-176729.44235474992,5927.841728004902
-181473.76473217984,7097.389040849681
546961.349898831,-124262.40545277421
-179740.59720618522,5188.115185106599
517974.54619906883,-216547.83524426707
-177878.3771765406,5209.040151819134
-167160.09489248774,-408.53436388632326
-95590.0350468712,-13227.921577758103
-173760.1872434645,4562.66947682437
-174769.81086888383,2451.280118735548
-170331.3619360002,3404.4035533597153
476797.3763320365,-67549.3282017421
-175575.8644719378,3193.6619369992713
-182260.58771319338,7737.835175540643
-170488.01518106528,2124.0257892267864
-159309.8272784983,205.94322614940484
-175427.52639010342,4600.573434194024
-177637.5508998096,4927.559187983175
-179587.26864887416,5343.135075067668
-181334.2478953933,6715.361881780221
-177354.95367725787,3711.023571159303
-165705.53647317312,-2190.7893576528822
-174580.3424314155,4060.3894863355636
-165823.3745708603,1081.8877479031562
-143147.6370791419,6762.678736623394
3232652.474468315,1220947.604660784
-173634.33088175574,1648.4799250218239
-176758.62244960922,4708.7213274128335
-76098.87325133146,-42197.053113465445
-178607.83423762553,6493.386312533955
27080.222479031363,-90461.97939846138
-158416.68490078885,-3574.634456697675
-163898.92558736325,-1701.5007491974775
-171169.71059874797,17532.492024320098
-176462.16871594478,5133.70397487197
-176050.9518416268,4737.791605067659
143760.6950249463,-159012.70780791156
-171722.1281907963,5222.476226906987
-19030.56386712173,-45924.66657062226
-180211.728494148,5966.8522286497955
-181781.733282685,7359.310216230024
-162443.30861460773,-518.010460995838
-174831.58060081475,4180.063262653781
-166625.1398415455,-493.23151749237513
10788.074307681498,-87485.04148851347
-165417.26675868576,-2314.5444251886365
-124941.7889270391,-2524.946978275768
-175749.58636580888,4134.755644558789
-165410.1111319777,4078.7895109288584
-33283.67425222823,-64083.51864814618
-178052.24952014853,4029.1856163212715
-181094.8011277523,7739.1890835876775
-177937.08019060656,5173.903008404619
-178632.6293939282,7375.508467479764
-155015.1776801629,-4220.623104312535
-28443.436442257575,-43150.430624550754
-172607.75481297207,2901.7480915302895
-171507.70582095685,1469.0038153587411
-99212.03948903362,-24630.70333976062
57520.20310402478,-113433.65753260748
-166487.18262907307,-882.1363704338801
-173068.74408107557,3139.8996295968673
-163546.8803328409,-4776.696823034494
-166208.6010079847,439.63669561226743
-169512.33685489008,2622.540522996571
-178227.17715084413,5221.8601227387735
-180981.11862925647,6580.444672316025
488454.36243673024,-386029.054760003
-180302.21250776754,5234.773226713911
-179353.76587053097,5337.225117023035
-179898.6470511497,5839.816331732932
727293.6859665227,-508458.2484305093
-169398.98379792017,2021.7782727451122
16877.445111835143,78905.43208022036
-168258.2372367736,4676.776662131014
-181730.7493466857,8226.898211330392
-171306.38143886288,2308.3567879951606
-153885.97343338683,-11042.940950593571
-92641.80470463805,98926.44915303041
-174246.75813439372,4136.522566846455
-99331.9148106288,-40452.56204964981
-177098.40436764614,7481.942397560817
106470.7470062885,14715.835771805967
-176278.57968977187,3535.3810189746164
-167363.81310095094,-882.9319603665972
-176299.14362851164,4962.980489835007
-130447.51519010028,-8959.363392764435
-179619.2186552257,6081.264114376365
-166302.10966175923,-8490.442341948814
-173535.19697789228,-2521.640379618233
-153022.7769889713,-23256.88406621376
-162299.74672548767,-14817.149793790786
385775.5136593616,-647487.5861799495
9024239.04455978,-1859070.572632182
-169139.33000735665,1400.1302181360215
-173975.69411597046,4901.212202464216
-172940.8701045104,3005.355529179209
-171847.48967517886,2705.4404333957973
-179087.01348785672,6030.314015116588
-178338.28363700415,5226.940360984753
-162845.1175518594,-90.14507505131769
-178017.03447211298,5900.185755542134
-169366.93463496314,2353.3865281447706
-177981.15007691295,4245.510548421902
-176567.35951267584,3272.947309076312
-177706.15686907692,6868.023518624977
-181829.94683818467,7788.2051900288225
-134873.4417370253,36030.42877535577
-161906.8301881414,-455.17977006926594
-168142.0019696572,6085.956115857801
-174826.76955636064,4073.0397489038533
-177528.5248694898,5566.204781301736
-177786.697318755,5458.290419440647
-167243.91529192886,673.1383243306564
-171708.90057718568,3454.969384552328
299876.5467951354,185685.24046971122
-107813.87066791115,-30319.938303279305
-178069.6146290259,5556.021060123968
-177495.58916747282,6327.551543226718
-174850.42807377118,2334.7992416325606
-179037.1531474901,6503.13186765896
-181156.71031055722,6905.884656772575
-145651.83328305732,20073.728292889053
-171400.40547323273,3427.261443966695
-164206.8949517764,1480.5278039663845
-174335.8987112769,5926.159925213829
-180210.44522456455,6323.267140252559
-177500.4751453446,5319.743850640674
-173774.82394720282,5822.732722936138
-171858.45440391917,2649.330405645155
-182059.06312964394,7842.928406574137
-132613.49827209595,-22130.915304578622
-169555.00412231073,2932.1602708999017
-173790.14730900858,3352.823563636728
465580.49788455345,366976.86546992743
-176417.59653457737,4002.862298274302
-180946.16224270142,6661.585018282872
-179694.80667064418,6649.871308376254
9915.067718264676,-30099.597630670665
-180765.51809721248,6540.741591199753
-162875.15364105534,-1975.8476861685867
-173371.11264440525,6871.53833686615
-169814.63558371787,-671.1677259776807
-178674.79909128233,5469.258345615605
-180538.0098888411,6294.137506589698
-179986.4464982048,6232.853370631802
-180054.2418441597,7181.120896828951
-176468.17435494374,4813.04291889983
-179296.54615041256,5803.6889223252165
-179475.55450225074,7262.73881175178
-172961.24112730002,6364.476714857019
-175024.8403527639,3899.2126157657713
-176887.9368204494,5854.378978878984
-171496.9600881956,6891.262607237254
-167559.84903014379,-2856.9037998648073
-173868.54511485863,5734.137119731158
-171409.84077699066,4596.522887846653
-169776.6498231205,2977.3548017683906
-137552.7205901497,-6200.189161883707
-172553.74987747395,2704.537776064285
-173692.53805400038,4746.628216737699
-13531.20446713356,-79501.12951271664
-179637.94134604075,5223.152739483291
-153347.5314505379,-2441.7254834799896
-180654.94550667657,5937.3966642521755
-175262.59454811105,5230.858538121215
-176221.61211666308,4052.4427658504865
-172672.14566746083,5011.794916836421
-110323.06663859222,-38691.6979200888
-109149.48999771943,-18133.360169879103
39957.07163223316,24439.07486871485
-178795.67378825127,7450.137970834017
-178792.24708056616,6982.611993368683
-181223.80471918907,8285.096148304467
131035.20062837482,104147.25107284493
-167108.09426853535,4608.369300894319
-174224.1664393608,3805.3888812812093
-177903.30511858317,7175.707657590458
-177614.54413158048,4841.704105170113
188178.56384383724,-95708.19376595928
-170512.70805050604,1071.32458865221
-171625.17672422092,2652.7336700514397
-179635.0598640893,5382.8032885599005
651313.5326303067,-292962.58194714994
-173741.4610536394,4370.957843939483
-179774.01228688084,4389.0435393595
-178687.1648464419,6342.453331767452
-163669.95893465425,-2513.1838129953976
-175571.69592478656,3267.194266586117
-179618.0183789738,4549.602810960726
7046611.398411636,1389692.4093351306
-180011.63234360836,5942.871258190013
-175290.02352596997,5130.74322744548
-179290.86572134835,7813.139349200337
-172069.75807130733,5836.793971536255
-178152.0366636744,10544.684387184378
-176773.46635505825,5921.800456889192
-173065.81305579375,3127.663207653616
-177733.74546014197,5884.640016604426
-172603.68437984533,2394.0051916221546
-173409.87461658285,3074.3216020142136
-174197.4619672188,6299.600102291217
-172311.19529265282,6219.877050331023
183326.45277760614,52025.48365979931
-178057.04075602064,5501.700210201663
-174481.72636294411,3323.961621764751
-150536.95240390956,5237.958370378747
-176665.62651126683,6543.466549258791
-176911.77804379162,5697.138271787839
-160091.8586790361,-6762.720168786907
-159183.07618097964,-8576.979645028236
-177146.85088613807,5576.092031523092
-178135.815114546,3363.7861737050125
-170755.68901291434,4025.8222505840768
-96171.68163240374,-23370.225400417083
-60249.08391956525,-50267.62991548937
-171890.20167097347,888.1163027635348
-174096.82548822908,7021.200742316496
-173404.59900001023,2319.1208966311215
-180695.64224326046,7515.535245391682
-171361.52850875194,855.3454664191768
-120977.02097403049,-19385.785908735277
-180804.4203200223,8531.091801603272
-171400.39064858566,-4813.4912022710105
-162103.11869690949,-12125.380665415383
2849411.6777861696,-1739513.3350575042
-179883.1016637037,4102.324605810083
908582.5509061499,202930.88912692008
-142172.8910388105,-9463.398998932224
-176239.81251868594,-18.624975318469296
-169000.09900364128,-2582.6002243413113
-178407.24105487298,6291.327071938128
-179655.4542127284,6273.340283831255
-170184.241914577,3897.152629590475
-175342.11149933026,-680.0969128367396
-159893.47245726726,-11899.99175451011
-182101.25610802422,7078.918239468282
-88908.19750880575,-81441.4656947824
15938455.789112916,-1767882.1434243717
-176294.5132996371,6197.745486058261
-175771.68879243324,5667.408014419718
-176066.7494890316,5101.460394649803
-62770.34211816825,-47663.24231298667
-177729.50117631504,4953.394324228031
-176158.79540915004,3661.201441946104
-178732.27300147564,6219.569495876701
-167394.9839077715,-2870.731807874572
-171962.7084585837,1845.522990694155
932853.6941360249,720471.4460071258
-174967.65641286212,-18.28774062989214
-157325.62515986987,-8784.632893427703
-169009.12933484596,-1315.7165806971097
-102035.2381532158,-29234.460101452038
-164940.07431724333,-386.4589304081401
-176678.6882252268,6136.569265625494
-159760.82191301262,-3378.0521112573024
-159514.61544883507,-4393.651424214073
-174161.53006564587,4966.46726434049
-167048.37710490302,3377.732084676787
-180617.98710672403,7338.231071136981
-177570.49715489705,4951.909507355718
-178126.3336612598,6120.328611548379
-152367.3767000607,-14990.31828580627
-168836.6615890635,44.67641961607842
-173959.6361504254,4182.189309344047
55252.90646897719,-133801.4386110492
-178965.43083345395,6488.705072209682
-182362.69546034385,7263.605604419408
70860.60667410164,10578.519872156163
-175125.75526503864,3566.92827895528
-174000.1216564329,3061.769065142127
-177329.8744261323,3464.793564643858
-157318.6038881292,-2379.043639938198
83093.50447096548,206442.81381841935
-164202.8392741385,-3068.743942652909
-151799.8327718183,-16572.54646360664
-163518.2668450223,1877.0256615827166
-137079.05526721122,24961.786288573057
1058.3343112800794,-86739.22575272442
-170102.5165240137,2140.3269741795893
-4291.583565384906,-14614.88861411788
-176966.62039835134,5049.749180516466
-169337.56673632818,4339.407779046113
-178117.23692678887,6191.624745408883
-172873.96532277955,3678.5128803845346
-171451.39414139226,3865.0320308648024
-175078.90457840494,2940.138086234514
3525822.886760927,2101616.529094846
-170446.06624676322,-1689.8623457589165
-180399.2576162668,6319.871021447619
-177492.30799052946,7234.988588855611
-146348.24157292,-32812.4231785814
2429102.9895265857,632827.9083024524
-162780.76651851885,-2640.272385323382
-176783.3762104996,6120.175520241568
-179412.9118323436,3613.1902254806064
-151954.07334808214,-9391.074836135065
1258174.624181402,989894.3800255255
-169683.32318780627,1582.1894102753704
-176214.429758792,4032.8536614062295
-176722.99536239437,3026.854466607254
-179252.09061968516,5917.594767600576
1688023.8410993065,-391769.07449854387
